Start Time,Duration,Run ID,Name,Source Type,Source Name,User,Status,activation,baseline,batch_size,class_weight,epochs,initial_epoch,lr,max_queue_size,min_delta,monitor,opt_amsgrad,opt_beta_1,opt_beta_2,opt_clipvalue,opt_decay,opt_epsilon,opt_learning_rate,opt_name,patience,restore_best_weights,sample_weight,shuffle,steps_per_epoch,units,use_multiprocessing,validation_batch_size,validation_freq,validation_split,validation_steps,workers,loss,mae,mape,mse,r2,restored_epoch,rmse,stopped_epoch,val_loss,val_mse,split,model,size,data
2022-09-16 17:17:57,6.8s,e8a6a241bc3147358cc9aba0da21a70c,Spain.mlp.test,LOCAL,codrift5.py,marabots,FINISHED,tanh,None,32,None,100,0,0.01,10,0,val_loss,False,0.9,0.999,1.0,0.0,1e-07,0.01,Adam,3,True,None,False,None,5,False,None,1,0.0,None,1,0.015530703589320183,13230.515964841936,0.34005821195263214,0.031103091314435005,0.39026386097713306,56,30098.773948738093,59,0.017363350838422775,0.03472670167684555,test,mlp,7,Spain
2022-09-16 17:17:51,6.3s,4c0c4ee549e444f3a0c21f436c27fb15,Spain.mlp.test,LOCAL,codrift5.py,marabots,FINISHED,tanh,None,32,None,100,0,0.01,10,0,val_loss,False,0.9,0.999,1.0,0.0,1e-07,0.01,Adam,3,True,None,False,None,5,False,None,1,0.0,None,1,0.01670268550515175,13149.465213255608,0.34343620427129967,0.033483825623989105,0.41339491044854115,38,29522.338156908598,41,0.01778409071266651,0.03557255119085312,test,mlp,7,Spain
2022-09-16 17:17:44,6.4s,703d9bad3b454d058322d8868757490c,Spain.mlp.test,LOCAL,codrift5.py,marabots,FINISHED,tanh,None,32,None,100,0,0.01,10,0,val_loss,False,0.9,0.999,1.0,0.0,1e-07,0.01,Adam,3,True,None,False,None,5,False,None,1,0.0,None,1,0.016568170860409737,13265.59135403717,0.3439755617952549,0.033246301114559174,0.4023312921972646,48,29799.439543642908,51,0.01769733801484108,0.03539573773741722,test,mlp,7,Spain
2022-09-16 17:17:38,6.9s,c868a372dcff4bd0b56d2e98067a7f42,Spain.mlp.test,LOCAL,codrift5.py,marabots,FINISHED,tanh,None,32,None,100,0,0.01,10,0,val_loss,False,0.9,0.999,1.0,0.0,1e-07,0.01,Adam,3,True,None,False,None,5,False,None,1,0.0,None,1,0.0160373542457819,13278.836831564317,0.34063650409151275,0.032187677919864655,0.397848522497121,57,29910.985014950504,60,0.017848314717411995,0.03569763898849487,test,mlp,7,Spain
2022-09-16 17:17:29,8.9s,8bb41eec4c1a4c5c8fe9e2ea5264ef20,Spain.mlp.test,LOCAL,codrift5.py,marabots,FINISHED,tanh,None,32,None,100,0,0.01,10,0,val_loss,False,0.9,0.999,1.0,0.0,1e-07,0.01,Adam,3,True,None,False,None,5,False,None,1,0.0,None,1,0.013905340805649757,13061.493594718631,0.3533326893588261,0.027938181534409523,0.3948581124542243,,29985.165130920213,,0.016048138961195946,0.03209627792239189,test,mlp,7,Spain
2022-09-16 17:17:20,8.5s,9de89f07be6a4b298ab5b18bfd1d5d51,Spain.mlp.test,LOCAL,codrift5.py,marabots,FINISHED,tanh,None,32,None,100,0,0.01,10,0,val_loss,False,0.9,0.999,1.0,0.0,1e-07,0.01,Adam,3,True,None,False,None,5,False,None,1,0.0,None,1,0.015279696322977543,13209.246245293878,0.33527645345068924,0.03067220188677311,0.3948722761218003,87,29984.814219501768,90,0.01744445599615574,0.03488891199231148,test,mlp,7,Spain
2022-09-16 17:17:11,9.2s,8bbcb1f5f15341cd94e54e1f544511d0,Spain.mlp.test,LOCAL,codrift5.py,marabots,FINISHED,tanh,None,32,None,100,0,0.01,10,0,val_loss,False,0.9,0.999,1.0,0.0,1e-07,0.01,Adam,3,True,None,False,None,5,False,None,1,0.0,None,1,0.014092259109020233,12958.600842352025,0.34604151223060753,0.028304824605584145,0.4021958927629816,,29802.81482388672,,0.01653325743973255,0.0330665148794651,test,mlp,7,Spain
2022-09-16 17:17:02,8.8s,79f90383c1a443288df53d1e4e02984e,Spain.mlp.test,LOCAL,codrift5.py,marabots,FINISHED,tanh,None,32,None,100,0,0.01,10,0,val_loss,False,0.9,0.999,1.0,0.0,1e-07,0.01,Adam,3,True,None,False,None,5,False,None,1,0.0,None,1,0.015166371129453182,13203.235474004177,0.34000591193236324,0.030451545491814613,0.3830938412698557,,30275.225741572074,,0.01719408668577671,0.03438817337155342,test,mlp,7,Spain
2022-09-16 17:16:53,9.1s,8d6af20b80e5483894ee7daf0ae73bcc,Spain.mlp.test,LOCAL,codrift5.py,marabots,FINISHED,tanh,None,32,None,100,0,0.01,10,0,val_loss,False,0.9,0.999,1.0,0.0,1e-07,0.01,Adam,3,True,None,False,None,5,False,None,1,0.0,None,1,0.017033837735652924,13131.266518353019,0.3464752730870206,0.03411954641342163,0.41515814956046126,,29477.935100827563,,0.01753142476081848,0.035063497722148895,test,mlp,7,Spain
2022-09-16 17:14:58,1.9min,0cb0ee33ef8542908facde71bffff5cb,Spain.mlp.test,LOCAL,codrift5.py,marabots,FINISHED,tanh,,,,,,0.01,,,,,,,,,,,,,,,,,5,,,,,,,,13491.056433306076,0.34357231965162177,,0.35053077707356506,,31063.98192661496,,,,test,mlp,7,Spain
2022-09-16 17:14:50,3.9s,292f0dbffd0449f3b31cc19c9a2a4020,Qatar.mlp.test,LOCAL,codrift5.py,marabots,FINISHED,tanh,None,32,None,100,0,0.001,10,0,val_loss,False,0.9,0.999,1.0,0.0,1e-07,0.001,Adam,3,True,None,False,None,2,False,None,1,0.0,None,1,0.015440507791936398,53.74474567361176,0.26867109118237387,0.03088337555527687,0.18901713501874218,0,93.24030527639069,3,0.002130320994183421,0.004260641988366842,test,mlp,7,Qatar
2022-09-16 17:14:41,9.1s,21108f3bb94748528550a7853a65f6e8,Qatar.mlp.test,LOCAL,codrift5.py,marabots,FINISHED,tanh,None,32,None,100,0,0.001,10,0,val_loss,False,0.9,0.999,1.0,0.0,1e-07,0.001,Adam,3,True,None,False,None,2,False,None,1,0.0,None,1,0.0066161733120679855,54.485181115567684,0.2963811474905361,0.013232346624135971,0.3985513593592571,,80.29659355644603,,0.00207301857881248,0.00414603715762496,test,mlp,7,Qatar
2022-09-16 17:14:32,8.9s,f0b61512e37e40bfa3f6a98683e648de,Qatar.mlp.test,LOCAL,codrift5.py,marabots,FINISHED,tanh,None,32,None,100,0,0.001,10,0,val_loss,False,0.9,0.999,1.0,0.0,1e-07,0.001,Adam,3,True,None,False,None,2,False,None,1,0.0,None,1,0.005618083756417036,53.05321588180959,0.2968939615627042,0.011236167512834072,0.4893371981803627,,73.98862551414094,,0.0019369479268789291,0.0038738958537578583,test,mlp,7,Qatar
2022-09-16 17:14:23,8.9s,6dc3d7f4fda8497b9ab19c8f0e68ff30,Qatar.mlp.test,LOCAL,codrift5.py,marabots,FINISHED,tanh,None,32,None,100,0,0.001,10,0,val_loss,False,0.9,0.999,1.0,0.0,1e-07,0.001,Adam,3,True,None,False,None,2,False,None,1,0.0,None,1,0.007993155159056187,57.58607921935618,0.3075065080547763,0.015986310318112373,0.27902667304474427,,87.9138797841227,,0.0022218080703169107,0.0044436161406338215,test,mlp,7,Qatar
2022-09-16 17:14:19,3.9s,be1e849df87c4880a928af822ba64076,Qatar.mlp.test,LOCAL,codrift5.py,marabots,FINISHED,tanh,None,32,None,100,0,0.001,10,0,val_loss,False,0.9,0.999,1.0,0.0,1e-07,0.001,Adam,3,True,None,False,None,2,False,None,1,0.0,None,1,0.02101939730346203,43.615271827206016,0.16167705012292588,0.04203879460692406,0.026514558391166676,0,102.15569391591617,3,0.0012244785903021693,0.0024489571806043386,test,mlp,7,Qatar
2022-09-16 17:14:10,8.9s,cf5daddab00a4f51a181816a7e96c329,Qatar.mlp.test,LOCAL,codrift5.py,marabots,FINISHED,tanh,None,32,None,100,0,0.001,10,0,val_loss,False,0.9,0.999,1.0,0.0,1e-07,0.001,Adam,3,True,None,False,None,2,False,None,1,0.0,None,1,0.006589788943529129,56.88588987663388,0.3142758904858076,0.013179577887058258,0.3866720682879031,,81.08569050007542,,0.002252329373732209,0.004504658747464418,test,mlp,7,Qatar
2022-09-16 17:14:01,9.2s,c050cf29695240a69abc1a7f506c5db4,Qatar.mlp.test,LOCAL,codrift5.py,marabots,FINISHED,tanh,None,32,None,100,0,0.001,10,0,val_loss,False,0.9,0.999,1.0,0.0,1e-07,0.001,Adam,3,True,None,False,None,2,False,None,1,0.0,None,1,0.008096715435385704,63.56802089512348,0.3542030015417718,0.016193430870771408,0.2598631351438161,,89.07459691419409,,0.0027261560317128897,0.005452312063425779,test,mlp,7,Qatar
2022-09-16 17:13:57,3.9s,8cd6338184bd49ae9941fa35496202f4,Qatar.mlp.test,LOCAL,codrift5.py,marabots,FINISHED,tanh,None,32,None,100,0,0.001,10,0,val_loss,False,0.9,0.999,1.0,0.0,1e-07,0.001,Adam,3,True,None,False,None,2,False,None,1,0.0,None,1,0.02092992328107357,43.457668421790004,0.1759383802674384,0.041876692324876785,0.047675676174743775,0,101.03929008808338,3,0.0015255262842401862,0.0030510525684803724,test,mlp,7,Qatar
2022-09-16 17:13:48,9.2s,a81eb3bd816f457191e9258749fe8e3e,Qatar.mlp.test,LOCAL,codrift5.py,marabots,FINISHED,tanh,None,32,None,100,0,0.001,10,0,val_loss,False,0.9,0.999,1.0,0.0,1e-07,0.001,Adam,3,True,None,False,None,2,False,None,1,0.0,None,1,0.0065157124772667885,54.79776766523719,0.29460968571262625,0.013031424954533577,0.3677999461302295,,82.32374370307656,,0.0019742511212825775,0.003948502242565155,test,mlp,7,Qatar
2022-09-16 17:12:46,1.0min,c1b93527fe5740fcac97ce5697faf5e7,Qatar.mlp.test,LOCAL,codrift5.py,marabots,FINISHED,tanh,,,,,,0.001,,,,,,,,,,,,,,,,,2,,,,,,,,60.54026633128524,0.330517728081444,,0.2673686548799258,,88.62180586782267,,,,test,mlp,7,Qatar
2022-09-16 17:12:34,8.6s,28c711df6c1641ed8dae3e782faf08d8,Portugal.mlp.test,LOCAL,codrift5.py,marabots,FINISHED,tanh,None,32,None,100,0,0.001,10,0,val_loss,False,0.9,0.999,1.0,0.0,1e-07,0.001,Adam,3,True,None,False,None,100,False,None,1,0.0,None,1,0.007572355214506388,1633.0031923271017,0.2898301515260758,0.015144710429012775,0.6182493413353607,85,3780.3088677093806,88,0.002350158989429474,0.004700317978858948,test,mlp,7,Portugal
2022-09-16 17:12:25,9.3s,4c6fdfc1685d40afadd4df5e2f35a37b,Portugal.mlp.test,LOCAL,codrift5.py,marabots,FINISHED,tanh,None,32,None,100,0,0.001,10,0,val_loss,False,0.9,0.999,1.0,0.0,1e-07,0.001,Adam,3,True,None,False,None,100,False,None,1,0.0,None,1,0.0074739959090948105,1632.9447124295402,0.2884411484360719,0.014947991818189621,0.6175906399120966,96,3783.5688772880485,99,0.00236046826466918,0.00472093652933836,test,mlp,7,Portugal
2022-09-16 17:12:17,7.6s,5c8083c4324e447da0f013841b58d6e5,Portugal.mlp.test,LOCAL,codrift5.py,marabots,FINISHED,tanh,None,32,None,100,0,0.001,10,0,val_loss,False,0.9,0.999,1.0,0.0,1e-07,0.001,Adam,3,True,None,False,None,100,False,None,1,0.0,None,1,0.007589232642203569,1632.9983964518178,0.2900201539195634,0.015178465284407139,0.6179202185722378,69,3781.938095611851,72,0.002372891642153263,0.004745783284306526,test,mlp,7,Portugal
2022-09-16 17:12:09,8.1s,beca39fcc2d34c7da865bb310d13a0f8,Portugal.mlp.test,LOCAL,codrift5.py,marabots,FINISHED,tanh,None,32,None,100,0,0.001,10,0,val_loss,False,0.9,0.999,1.0,0.0,1e-07,0.001,Adam,3,True,None,False,None,100,False,None,1,0.0,None,1,0.007496547419577837,1634.9315175951924,0.28852964731187747,0.014993094839155674,0.6183013942687077,77,3780.0511302709783,80,0.002396742580458522,0.004793485160917044,test,mlp,7,Portugal
2022-09-16 17:12:00,8.6s,01ad691b2743440c9fdaf72a7a6485cc,Portugal.mlp.test,LOCAL,codrift5.py,marabots,FINISHED,tanh,None,32,None,100,0,0.001,10,0,val_loss,False,0.9,0.999,1.0,0.0,1e-07,0.001,Adam,3,True,None,False,None,100,False,None,1,0.0,None,1,0.007442783564329147,1635.538050261559,0.2879669523124463,0.014885567128658295,0.6184528128951123,87,3779.301288750852,90,0.0023932040203362703,0.004786408040672541,test,mlp,7,Portugal
2022-09-16 17:11:51,9.1s,8e1b2de063b34365926efbe7bca95b22,Portugal.mlp.test,LOCAL,codrift5.py,marabots,FINISHED,tanh,None,32,None,100,0,0.001,10,0,val_loss,False,0.9,0.999,1.0,0.0,1e-07,0.001,Adam,3,True,None,False,None,100,False,None,1,0.0,None,1,0.007400915026664734,1638.5824591540731,0.2874849227849292,0.014801830053329468,0.61812393290019,,3780.92974900994,,0.002401706064119935,0.00480341212823987,test,mlp,7,Portugal
2022-09-16 17:11:42,9.3s,9a82b1d1cbdd43d199d3c9e759925ee6,Portugal.mlp.test,LOCAL,codrift5.py,marabots,FINISHED,tanh,None,32,None,100,0,0.001,10,0,val_loss,False,0.9,0.999,1.0,0.0,1e-07,0.001,Adam,3,True,None,False,None,100,False,None,1,0.0,None,1,0.007460492197424173,1635.3788877348416,0.288227186765536,0.014920984394848347,0.6190470503260987,92,3776.3571215905226,95,0.002394423121586442,0.004788846243172884,test,mlp,7,Portugal
2022-09-16 17:11:33,8.6s,3ca0a563548e47efacfeadb741c51eaf,Portugal.mlp.test,LOCAL,codrift5.py,marabots,FINISHED,tanh,None,32,None,100,0,0.001,10,0,val_loss,False,0.9,0.999,1.0,0.0,1e-07,0.001,Adam,3,True,None,False,None,100,False,None,1,0.0,None,1,0.007491832133382559,1633.0556112779304,0.288306550339529,0.014983664266765118,0.6189647221224153,88,3776.765156103823,91,0.0023665251210331917,0.004733050242066383,test,mlp,7,Portugal
2022-09-16 17:11:25,8.4s,99a2401aa5b449249c69af2712b652c5,Portugal.mlp.test,LOCAL,codrift5.py,marabots,FINISHED,tanh,None,32,None,100,0,0.001,10,0,val_loss,False,0.9,0.999,1.0,0.0,1e-07,0.001,Adam,3,True,None,False,None,100,False,None,1,0.0,None,1,0.007529266178607941,1638.4876641719602,0.2891921218165817,0.015058532357215881,0.6184709995586025,78,3779.211216405731,81,0.002402485581114888,0.004804971162229776,test,mlp,7,Portugal
2022-09-16 17:10:05,1.3min,81f1b71e488e408b81eb47566f071ee9,Portugal.mlp.test,LOCAL,codrift5.py,marabots,FINISHED,tanh,,,,,,0.001,,,,,,,,,,,,,,,,,100,,,,,,,,1628.0558107316028,0.28741877061276755,,0.6193879091679735,,3774.6672898441493,,,,test,mlp,7,Portugal
2022-09-16 17:09:52,9.2s,49905ce11ccf407cbfe295c27578c1a6,Japan.mlp.test,LOCAL,codrift5.py,marabots,FINISHED,tanh,None,32,None,100,0,0.001,10,0,val_loss,False,0.9,0.999,1.0,0.0,1e-07,0.001,Adam,3,True,None,False,None,100,False,None,1,0.0,None,1,0.16072803735733032,437.4237377862446,3.474711141638668,0.6292110681533813,-27.001116676546346,,441.02000878891454,,0.7258093357086182,3.097555637359619,test,mlp,7,Japan
2022-09-16 17:09:45,7.2s,e16d993cfce042b984736a5a51c0b954,Japan.mlp.test,LOCAL,codrift5.py,marabots,FINISHED,tanh,None,32,None,100,0,0.001,10,0,val_loss,False,0.9,0.999,1.0,0.0,1e-07,0.001,Adam,3,True,None,False,None,100,False,None,1,0.0,None,1,0.16139551997184753,457.28571712737903,3.622531338152813,0.6305350661277771,-29.555765852638714,54,460.6989311380311,57,0.7256559133529663,3.0971920490264893,test,mlp,7,Japan
2022-09-16 17:09:37,7.7s,aa3226499adc4dff8f249a5b189b4206,Japan.mlp.test,LOCAL,codrift5.py,marabots,FINISHED,tanh,None,32,None,100,0,0.001,10,0,val_loss,False,0.9,0.999,1.0,0.0,1e-07,0.001,Adam,3,True,None,False,None,100,False,None,1,0.0,None,1,0.16107602417469025,451.6416892991401,3.580937508855885,0.6299091577529907,-28.818732885286714,71,455.1087760590964,74,0.7257992625236511,3.097569227218628,test,mlp,7,Japan
2022-09-16 17:09:29,8.3s,e74885ad3cf04abda2c3399a71005b51,Japan.mlp.test,LOCAL,codrift5.py,marabots,FINISHED,tanh,None,32,None,100,0,0.001,10,0,val_loss,False,0.9,0.999,1.0,0.0,1e-07,0.001,Adam,3,True,None,False,None,100,False,None,1,0.0,None,1,0.16095176339149475,444.55928591871634,3.527718241464647,0.6296494007110596,-27.905541329427198,81,448.0857899915607,84,0.7257311344146729,3.0973470211029053,test,mlp,7,Japan
2022-09-16 17:09:21,7.2s,1096435c4be04b1fba37e7346e02e59c,Japan.mlp.test,LOCAL,codrift5.py,marabots,FINISHED,tanh,None,32,None,100,0,0.001,10,0,val_loss,False,0.9,0.999,1.0,0.0,1e-07,0.001,Adam,3,True,None,False,None,100,False,None,1,0.0,None,1,0.1612413376569748,453.0525370123796,3.5914889769865206,0.6302295923233032,-29.004344984137113,61,456.5230321167384,64,0.7257471680641174,3.097393751144409,test,mlp,7,Japan
2022-09-16 17:09:15,6.9s,e6e98a750ff1454c999cc440a9f1ee31,Japan.mlp.test,LOCAL,codrift5.py,marabots,FINISHED,tanh,None,32,None,100,0,0.001,10,0,val_loss,False,0.9,0.999,1.0,0.0,1e-07,0.001,Adam,3,True,None,False,None,100,False,None,1,0.0,None,1,0.16134516894817352,456.5809565130621,3.6171457391602164,0.6304376125335693,-29.46244447460312,53,459.9948752132483,56,0.7256405353546143,3.097175121307373,test,mlp,7,Japan
2022-09-16 17:09:08,6.6s,772fd15b4ed9440aa3f6bab81c826ab6,Japan.mlp.test,LOCAL,codrift5.py,marabots,FINISHED,tanh,None,32,None,100,0,0.001,10,0,val_loss,False,0.9,0.999,1.0,0.0,1e-07,0.001,Adam,3,True,None,False,None,100,False,None,1,0.0,None,1,0.16140998899936676,456.56943514058366,3.61761992375084,0.6305618286132812,-29.464523121144815,49,460.0105691350965,52,0.725552499294281,3.0969603061676025,test,mlp,7,Japan
2022-09-16 17:09:01,7.1s,b8c12027c5d84a06910a71387566b27b,Japan.mlp.test,LOCAL,codrift5.py,marabots,FINISHED,tanh,None,32,None,100,0,0.001,10,0,val_loss,False,0.9,0.999,1.0,0.0,1e-07,0.001,Adam,3,True,None,False,None,100,False,None,1,0.0,None,1,0.16121043264865875,452.418319768738,3.58666199196772,0.630170464515686,-28.922077531153064,54,455.8967433846741,57,0.7256494760513306,3.0971999168395996,test,mlp,7,Japan
2022-09-16 17:08:51,9.4s,c1ea93a333b54a9092d139989416a743,Japan.mlp.test,LOCAL,codrift5.py,marabots,FINISHED,tanh,None,32,None,100,0,0.001,10,0,val_loss,False,0.9,0.999,1.0,0.0,1e-07,0.001,Adam,3,True,None,False,None,100,False,None,1,0.0,None,1,0.1606571525335312,433.3056531944312,3.4443029057923242,0.6290652751922607,-26.486937951581172,,436.95206788452896,,0.725729763507843,3.0973570346832275,test,mlp,7,Japan
2022-09-16 17:07:20,1.5min,3a357e10772042a8ad60f464f9285338,Japan.mlp.test,LOCAL,codrift5.py,marabots,FINISHED,tanh,,,,,,0.001,,,,,,,,,,,,,,,,,100,,,,,,,,440.68605265486985,3.497894913209885,,-27.40816628587734,,444.2139763393366,,,,test,mlp,7,Japan
2022-09-16 17:04:09,9.2s,cf697344199c40de858874c2415862a1,Israel.mlp.test,LOCAL,codrift5.py,marabots,FINISHED,tanh,None,32,None,100,0,0.001,10,0,val_loss,False,0.9,0.999,1.0,0.0,1e-07,0.001,Adam,3,True,None,False,None,20,False,None,1,0.0,None,1,0.025787683203816414,439.2875018911436,0.5816237740442484,0.0523410327732563,0.48519313564454336,,730.0099341185369,,0.10524997115135193,0.28716233372688293,test,mlp,7,Israel
2022-09-16 17:04:04,5.4s,7e717f787eb24296829ec944d0e45933,Israel.mlp.test,LOCAL,codrift5.py,marabots,FINISHED,tanh,None,32,None,100,0,0.001,10,0,val_loss,False,0.9,0.999,1.0,0.0,1e-07,0.001,Adam,3,True,None,False,None,20,False,None,1,0.0,None,1,0.026900066062808037,462.4187210719101,0.6054812723855133,0.054442159831523895,0.46444137685651676,22,744.5778521584589,25,0.1028759628534317,0.2813548147678375,test,mlp,7,Israel
2022-09-16 17:03:55,9.1s,81cbc9757ec648f19fd108e8db09b493,Israel.mlp.test,LOCAL,codrift5.py,marabots,FINISHED,tanh,None,32,None,100,0,0.001,10,0,val_loss,False,0.9,0.999,1.0,0.0,1e-07,0.001,Adam,3,True,None,False,None,20,False,None,1,0.0,None,1,0.02571490779519081,438.47811109758914,0.583121011447958,0.052184924483299255,0.48598156080565946,,729.4507159193355,,0.10368857532739639,0.2825762927532196,test,mlp,7,Israel
2022-09-16 17:03:49,5.5s,28581868002649a5a381131e6ecfbbbe,Israel.mlp.test,LOCAL,codrift5.py,marabots,FINISHED,tanh,None,32,None,100,0,0.001,10,0,val_loss,False,0.9,0.999,1.0,0.0,1e-07,0.001,Adam,3,True,None,False,None,20,False,None,1,0.0,None,1,0.027329685166478157,468.1289575966075,0.6084695828102532,0.05539746582508087,0.44675943711778987,29,756.7694867854524,32,0.10422702133655548,0.2795988619327545,test,mlp,7,Israel
2022-09-16 17:03:43,5.9s,74190e3d4ab649028e465a6e07c0e23f,Israel.mlp.test,LOCAL,codrift5.py,marabots,FINISHED,tanh,None,32,None,100,0,0.001,10,0,val_loss,False,0.9,0.999,1.0,0.0,1e-07,0.001,Adam,3,True,None,False,None,20,False,None,1,0.0,None,1,0.027389297261834145,463.71610713843256,0.5958421826570236,0.05567612126469612,0.45907225185959555,36,748.3008450332788,39,0.10227347910404205,0.264022558927536,test,mlp,7,Israel
2022-09-16 17:03:34,9.2s,f848a0e34bf94db48125536ff4203266,Israel.mlp.test,LOCAL,codrift5.py,marabots,FINISHED,tanh,None,32,None,100,0,0.001,10,0,val_loss,False,0.9,0.999,1.0,0.0,1e-07,0.001,Adam,3,True,None,False,None,20,False,None,1,0.0,None,1,0.02586447075009346,442.269325184403,0.5916313023198015,0.05250082537531853,0.48222399794607396,,732.1120659012935,,0.10408072173595428,0.28268963098526,test,mlp,7,Israel
2022-09-16 17:03:25,9.4s,845b53c0eba142ecaad6ace98d09a554,Israel.mlp.test,LOCAL,codrift5.py,marabots,FINISHED,tanh,None,32,None,100,0,0.001,10,0,val_loss,False,0.9,0.999,1.0,0.0,1e-07,0.001,Adam,3,True,None,False,None,20,False,None,1,0.0,None,1,0.02589534968137741,441.3083212096244,0.5880649565914423,0.052536990493535995,0.4842462235110385,,730.6809990734035,,0.10414999723434448,0.2856731116771698,test,mlp,7,Israel
2022-09-16 17:03:17,7.5s,34e78d71f690438f8b1fe192a30f2e9d,Israel.mlp.test,LOCAL,codrift5.py,marabots,FINISHED,tanh,None,32,None,100,0,0.001,10,0,val_loss,False,0.9,0.999,1.0,0.0,1e-07,0.001,Adam,3,True,None,False,None,20,False,None,1,0.0,None,1,0.02589268982410431,438.58265261980705,0.5766751747656916,0.05252755433320999,0.4903448145501499,66,726.3481407868169,69,0.10414700210094452,0.28323519229888916,test,mlp,7,Israel
2022-09-16 17:03:11,5.6s,f59c71d6f53047b0bf3d27cf2a5ab779,Israel.mlp.test,LOCAL,codrift5.py,marabots,FINISHED,tanh,None,32,None,100,0,0.001,10,0,val_loss,False,0.9,0.999,1.0,0.0,1e-07,0.001,Adam,3,True,None,False,None,20,False,None,1,0.0,None,1,0.027204174548387527,462.73987124161795,0.6027223031566938,0.05505479499697685,0.455359125225832,26,750.8647584952998,29,0.10308294743299484,0.27657464146614075,test,mlp,7,Israel
2022-09-16 17:02:03,1.1min,c6b9881b26044371b0dd7069c806be87,Israel.mlp.test,LOCAL,codrift5.py,marabots,FINISHED,tanh,,,,,,0.001,,,,,,,,,,,,,,,,,20,,,,,,,,450.38772092503496,0.5894805564599965,,0.4751549288677053,,737.0927968177907,,,,test,mlp,7,Israel
2022-09-16 17:01:50,9.0s,ed9676bb6675454fa8d2ab788d046aba,Iran.mlp.test,LOCAL,codrift5.py,marabots,FINISHED,tanh,None,32,None,100,0,0.001,10,0,val_loss,False,0.9,0.999,1.0,0.0,1e-07,0.001,Adam,3,True,None,False,None,100,False,None,1,0.0,None,1,0.0305184219032526,628.5829021385871,0.21504133398652983,0.06160566583275795,0.9036794936077794,,807.3353780151995,,0.13503776490688324,0.28398066759109497,test,mlp,7,Iran
2022-09-16 17:01:41,9.5s,a0413a640e724911a113fdd672d3e873,Iran.mlp.test,LOCAL,codrift5.py,marabots,FINISHED,tanh,None,32,None,100,0,0.001,10,0,val_loss,False,0.9,0.999,1.0,0.0,1e-07,0.001,Adam,3,True,None,False,None,100,False,None,1,0.0,None,1,0.03044494427740574,615.2535381857306,0.2085269443519807,0.06146050617098808,0.9066835155603976,,794.6461615609619,,0.134972482919693,0.28385642170906067,test,mlp,7,Iran
2022-09-16 17:01:32,9.0s,0eb5900fa40742d090311bb4fab31a33,Iran.mlp.test,LOCAL,codrift5.py,marabots,FINISHED,tanh,None,32,None,100,0,0.001,10,0,val_loss,False,0.9,0.999,1.0,0.0,1e-07,0.001,Adam,3,True,None,False,None,100,False,None,1,0.0,None,1,0.030326535925269127,605.6774455467239,0.20265407629278723,0.06122226640582085,0.9089588550162588,,784.8984309705814,,0.13474617898464203,0.28338298201560974,test,mlp,7,Iran
2022-09-16 17:01:23,8.9s,0042f740342c4108ae288952702381f9,Iran.mlp.test,LOCAL,codrift5.py,marabots,FINISHED,tanh,None,32,None,100,0,0.001,10,0,val_loss,False,0.9,0.999,1.0,0.0,1e-07,0.001,Adam,3,True,None,False,None,100,False,None,1,0.0,None,1,0.03039652295410633,609.9481114805676,0.20671228830185726,0.0613626167178154,0.906832084946495,,794.0133306014769,,0.13484807312488556,0.2835948169231415,test,mlp,7,Iran
2022-09-16 17:01:14,8.9s,4a16c57dafa04a34b462e42b23f0bb4f,Iran.mlp.test,LOCAL,codrift5.py,marabots,FINISHED,tanh,None,32,None,100,0,0.001,10,0,val_loss,False,0.9,0.999,1.0,0.0,1e-07,0.001,Adam,3,True,None,False,None,100,False,None,1,0.0,None,1,0.03035147674381733,608.2017309144139,0.20350403554894292,0.06127287447452545,0.9093535329836788,,783.195252776078,,0.13485166430473328,0.28360292315483093,test,mlp,7,Iran
2022-09-16 17:01:05,8.9s,2d38cae388264819978597b4457be6bb,Iran.mlp.test,LOCAL,codrift5.py,marabots,FINISHED,tanh,None,32,None,100,0,0.001,10,0,val_loss,False,0.9,0.999,1.0,0.0,1e-07,0.001,Adam,3,True,None,False,None,100,False,None,1,0.0,None,1,0.030429206788539886,609.2725934530608,0.2057568478408972,0.06142883747816086,0.9066081504307122,,794.9669865701247,,0.1350318342447281,0.283964604139328,test,mlp,7,Iran
2022-09-16 17:00:56,9.4s,eb151bbd298f4835bdb7640ab12be2fc,Iran.mlp.test,LOCAL,codrift5.py,marabots,FINISHED,tanh,None,32,None,100,0,0.001,10,0,val_loss,False,0.9,0.999,1.0,0.0,1e-07,0.001,Adam,3,True,None,False,None,100,False,None,1,0.0,None,1,0.030424587428569794,620.9693211964332,0.21084211088264732,0.06141747161746025,0.9056966338227906,,798.8370570339065,,0.13492928445339203,0.28375759720802307,test,mlp,7,Iran
2022-09-16 17:00:47,9.0s,67637fc282454033b31303446e2943cf,Iran.mlp.test,LOCAL,codrift5.py,marabots,FINISHED,tanh,None,32,None,100,0,0.001,10,0,val_loss,False,0.9,0.999,1.0,0.0,1e-07,0.001,Adam,3,True,None,False,None,100,False,None,1,0.0,None,1,0.03030524030327797,599.0710424394347,0.19880322532422967,0.061180394142866135,0.9102637067580704,,779.2533328934364,,0.13478684425354004,0.2834610342979431,test,mlp,7,Iran
2022-09-16 17:00:38,9.2s,d68618fa57fe48c48fafd2835f245243,Iran.mlp.test,LOCAL,codrift5.py,marabots,FINISHED,tanh,None,32,None,100,0,0.001,10,0,val_loss,False,0.9,0.999,1.0,0.0,1e-07,0.001,Adam,3,True,None,False,None,100,False,None,1,0.0,None,1,0.0304233618080616,613.495601183502,0.20731497181086556,0.06141745299100876,0.9068086520757189,,794.1131763584472,,0.13503408432006836,0.28397753834724426,test,mlp,7,Iran
2022-09-16 16:59:12,1.4min,c3b3a5f6a4744705a8654c2c128eee30,Iran.mlp.test,LOCAL,codrift5.py,marabots,FINISHED,tanh,,,,,,0.001,,,,,,,,,,,,,,,,,100,,,,,,,,613.8652756335214,0.2087127101784284,,0.9064616924246918,,795.5900798572607,,,,test,mlp,7,Iran
2022-09-16 16:58:59,8.8s,a5bdb71094fe49e2a000e142f1eb4369,Germany.mlp.test,LOCAL,codrift5.py,marabots,FINISHED,tanh,None,32,None,100,0,0.001,10,0,val_loss,False,0.9,0.999,1.0,0.0,1e-07,0.001,Adam,3,True,None,False,None,100,False,None,1,0.0,None,1,0.008217512629926205,15222.021434976283,0.30556319405694987,0.01643502525985241,-0.2691337677462893,93,20666.927522896716,96,0.005172874312847853,0.010345748625695705,test,mlp,7,Germany
2022-09-16 16:58:51,7.6s,89010fe4a39e4edc8cd9737daae3e90c,Germany.mlp.test,LOCAL,codrift5.py,marabots,FINISHED,tanh,None,32,None,100,0,0.001,10,0,val_loss,False,0.9,0.999,1.0,0.0,1e-07,0.001,Adam,3,True,None,False,None,100,False,None,1,0.0,None,1,0.008384917862713337,15213.982602504926,0.3049899978822964,0.016769835725426674,-0.2695657084147016,62,20670.444144742945,65,0.0052196187898516655,0.010439237579703331,test,mlp,7,Germany
2022-09-16 16:58:43,8.2s,fd0d9c2e80f041f2a4ac13c0af705c4b,Germany.mlp.test,LOCAL,codrift5.py,marabots,FINISHED,tanh,None,32,None,100,0,0.001,10,0,val_loss,False,0.9,0.999,1.0,0.0,1e-07,0.001,Adam,3,True,None,False,None,100,False,None,1,0.0,None,1,0.008155184797942638,15223.07810826975,0.30640577921942114,0.016310369595885277,-0.2689116746691187,82,20665.11913103515,85,0.005187660455703735,0.01037532091140747,test,mlp,7,Germany
2022-09-16 16:58:35,8.5s,a3716931cdfe4fd8825e0a370dd63288,Germany.mlp.test,LOCAL,codrift5.py,marabots,FINISHED,tanh,None,32,None,100,0,0.001,10,0,val_loss,False,0.9,0.999,1.0,0.0,1e-07,0.001,Adam,3,True,None,False,None,100,False,None,1,0.0,None,1,0.008235369808971882,15229.437201610912,0.3052387968066106,0.016470739617943764,-0.2695613288068619,89,20670.40849140232,92,0.005237165372818708,0.010474330745637417,test,mlp,7,Germany
2022-09-16 16:58:26,8.9s,35cd4720130f4935b27e28d99fcf0692,Germany.mlp.test,LOCAL,codrift5.py,marabots,FINISHED,tanh,None,32,None,100,0,0.001,10,0,val_loss,False,0.9,0.999,1.0,0.0,1e-07,0.001,Adam,3,True,None,False,None,100,False,None,1,0.0,None,1,0.008119255304336548,15211.357695695246,0.30534937960069536,0.016238510608673096,-0.26881933345931985,,20664.367196579355,,0.005214609671384096,0.010429219342768192,test,mlp,7,Germany
2022-09-16 16:58:17,8.4s,3aac23c21f12499d8f436de5903588a1,Germany.mlp.test,LOCAL,codrift5.py,marabots,FINISHED,tanh,None,32,None,100,0,0.001,10,0,val_loss,False,0.9,0.999,1.0,0.0,1e-07,0.001,Adam,3,True,None,False,None,100,False,None,1,0.0,None,1,0.008176726289093494,15221.595739068958,0.3060072131808438,0.01635345257818699,-0.26919084155229833,82,20667.39222054378,85,0.005184743087738752,0.010369486175477505,test,mlp,7,Germany
2022-09-16 16:58:10,7.0s,0d8bdca6bf494e1ba42fc0c7101e42f1,Germany.mlp.test,LOCAL,codrift5.py,marabots,FINISHED,tanh,None,32,None,100,0,0.001,10,0,val_loss,False,0.9,0.999,1.0,0.0,1e-07,0.001,Adam,3,True,None,False,None,100,False,None,1,0.0,None,1,0.008396309800446033,15230.498055170698,0.30573748581667476,0.016792619600892067,-0.26994005169662927,55,20673.491356690756,58,0.005215742625296116,0.010431485250592232,test,mlp,7,Germany
2022-09-16 16:57:59,10.9s,f11f6d54ca1b4186a0441b4651ce24b6,Germany.mlp.test,LOCAL,codrift5.py,marabots,FINISHED,tanh,None,32,None,100,0,0.001,10,0,val_loss,False,0.9,0.999,1.0,0.0,1e-07,0.001,Adam,3,True,None,False,None,100,False,None,1,0.0,None,1,0.008199733681976795,15217.007240615145,0.3050712726036426,0.01639946736395359,-0.2693196474961568,92,20668.440926276937,95,0.005214720033109188,0.010429440066218376,test,mlp,7,Germany
2022-09-16 16:57:51,8.7s,0b4a586df7fc44258823fcd2abeab5b3,Germany.mlp.test,LOCAL,codrift5.py,marabots,FINISHED,tanh,None,32,None,100,0,0.001,10,0,val_loss,False,0.9,0.999,1.0,0.0,1e-07,0.001,Adam,3,True,None,False,None,100,False,None,1,0.0,None,1,0.00814624410122633,15217.690368358366,0.30574186681644266,0.01629248820245266,-0.2691521921583506,86,20667.077536479388,89,0.005212922114878893,0.010425844229757786,test,mlp,7,Germany
2022-09-16 16:56:17,1.6min,d0ccd9d5051b4c6e95e3cdaf42b1b5bb,Germany.mlp.test,LOCAL,codrift5.py,marabots,FINISHED,tanh,,,,,,0.001,,,,,,,,,,,,,,,,,100,,,,,,,,15209.027880949056,0.3051094151368403,,-0.2686650795580321,,20663.11104605435,,,,test,mlp,7,Germany
2022-09-16 16:53:14,5.1s,418fdf770671451b967d87c22eea7207,China.mlp.test,LOCAL,codrift5.py,marabots,FINISHED,tanh,None,32,None,100,0,0.001,10,0,val_loss,False,0.9,0.999,1.0,0.0,1e-07,0.001,Adam,3,True,None,False,None,2,False,None,1,0.0,None,1,0.006464380770921707,43.12990712374449,0.40332218781015794,0.012995841912925243,-0.1438863898394167,21,65.88262648248943,24,0.00024072641099337488,0.00048145282198674977,test,mlp,7,China
2022-09-16 16:53:05,9.2s,0c89f3614b964c82981cf91f5a67332c,China.mlp.test,LOCAL,codrift5.py,marabots,FINISHED,tanh,None,32,None,100,0,0.001,10,0,val_loss,False,0.9,0.999,1.0,0.0,1e-07,0.001,Adam,3,True,None,False,None,2,False,None,1,0.0,None,1,0.00851484201848507,44.84665026655421,0.4090431278201068,0.017269644886255264,-0.21006704599369197,95,67.76168159484347,98,0.00022960180649533868,0.00045920361299067736,test,mlp,7,China
2022-09-16 16:52:56,9.3s,d2312f05c753482e83a28a0f990f34c2,China.mlp.test,LOCAL,codrift5.py,marabots,FINISHED,tanh,None,32,None,100,0,0.001,10,0,val_loss,False,0.9,0.999,1.0,0.0,1e-07,0.001,Adam,3,True,None,False,None,2,False,None,1,0.0,None,1,0.0040145618841052055,43.29342455975711,0.39076184997554586,0.008102803491055965,-0.14661014688785845,,65.96101782180419,,0.00021018486586399376,0.00042036973172798753,test,mlp,7,China
2022-09-16 16:52:47,9.0s,3e7c426aa2154de5b4a1372b16c25631,China.mlp.test,LOCAL,codrift5.py,marabots,FINISHED,tanh,None,32,None,100,0,0.001,10,0,val_loss,False,0.9,0.999,1.0,0.0,1e-07,0.001,Adam,3,True,None,False,None,2,False,None,1,0.0,None,1,0.005410801153630018,41.38394317869097,0.3965776664065024,0.010884649120271206,-0.06854625301998585,,63.6760508642782,,0.0002397782081970945,0.000479556416394189,test,mlp,7,China
2022-09-16 16:52:39,7.8s,28def5a0541a4191a5f96df3b399c7dd,China.mlp.test,LOCAL,codrift5.py,marabots,FINISHED,tanh,None,32,None,100,0,0.001,10,0,val_loss,False,0.9,0.999,1.0,0.0,1e-07,0.001,Adam,3,True,None,False,None,2,False,None,1,0.0,None,1,0.0074156587943434715,42.281595890410244,0.4045013722439918,0.014935135841369629,-0.11094254418566418,73,64.92698818827812,76,0.00025498250033706427,0.0005099650006741285,test,mlp,7,China
2022-09-16 16:52:30,9.1s,264083efd92b48998c621b24443653fd,China.mlp.test,LOCAL,codrift5.py,marabots,FINISHED,tanh,None,32,None,100,0,0.001,10,0,val_loss,False,0.9,0.999,1.0,0.0,1e-07,0.001,Adam,3,True,None,False,None,2,False,None,1,0.0,None,1,0.005025696940720081,46.280337968841195,0.4017766493483112,0.010271446779370308,-0.26419958272421984,,69.26076425273799,,0.0001922174560604617,0.0003844349121209234,test,mlp,7,China
2022-09-16 16:52:21,9.2s,3eec54a2bc5a49a2afe182f1ae09c7f3,China.mlp.test,LOCAL,codrift5.py,marabots,FINISHED,tanh,None,32,None,100,0,0.001,10,0,val_loss,False,0.9,0.999,1.0,0.0,1e-07,0.001,Adam,3,True,None,False,None,2,False,None,1,0.0,None,1,0.0052108159288764,41.855998198036104,0.39080330346672454,0.01052457932382822,-0.09548568828730919,,64.47373237843185,,0.000238912645727396,0.000477825291454792,test,mlp,7,China
2022-09-16 16:52:14,7.0s,45e32cff0ef240d79d989c41f1becb37,China.mlp.test,LOCAL,codrift5.py,marabots,FINISHED,tanh,None,32,None,100,0,0.001,10,0,val_loss,False,0.9,0.999,1.0,0.0,1e-07,0.001,Adam,3,True,None,False,None,2,False,None,1,0.0,None,1,0.008099413476884365,45.73573884740472,0.4062715335534748,0.01647106744349003,-0.2391267777394015,53,68.57050205035085,56,0.00020797965407837182,0.00041595930815674365,test,mlp,7,China
2022-09-16 16:52:04,9.3s,cfd378c0628a4798a321452155e11844,China.mlp.test,LOCAL,codrift5.py,marabots,FINISHED,tanh,None,32,None,100,0,0.001,10,0,val_loss,False,0.9,0.999,1.0,0.0,1e-07,0.001,Adam,3,True,None,False,None,2,False,None,1,0.0,None,1,0.004711193963885307,43.70732960058376,0.4012579479835144,0.009425320662558079,-0.16593100190682852,,66.51443145897535,,0.0002328278060304001,0.0004656556120608002,test,mlp,7,China
2022-09-16 16:50:58,1.1min,991a7b3102b8451f80c8c8c84f6b492c,China.mlp.test,LOCAL,codrift5.py,marabots,FINISHED,tanh,,,,,,0.001,,,,,,,,,,,,,,,,,2,,,,,,,,47.83204498095438,0.42049808456718696,,-0.3238123272913527,,70.87493417662267,,,,test,mlp,7,China
2022-09-16 16:50:44,9.1s,0a0e4fbedbb6409db46badb1b74ccf29,Canada.mlp.test,LOCAL,codrift5.py,marabots,FINISHED,tanh,None,32,None,100,0,0.001,10,0,val_loss,False,0.9,0.999,1.0,0.0,1e-07,0.001,Adam,3,True,None,False,None,100,False,None,1,0.0,None,1,0.01392002496868372,4007.5186735369207,0.2961275169766058,0.027858249843120575,0.24806145158642856,,9438.735165455062,,0.032610487192869186,0.06528361141681671,test,mlp,7,Canada
2022-09-16 16:50:35,9.6s,39eee9b2b585467dae90da090c510fdf,Canada.mlp.test,LOCAL,codrift5.py,marabots,FINISHED,tanh,None,32,None,100,0,0.001,10,0,val_loss,False,0.9,0.999,1.0,0.0,1e-07,0.001,Adam,3,True,None,False,None,100,False,None,1,0.0,None,1,0.013913954608142376,4010.1423070929013,0.296325653248279,0.02784431353211403,0.24796673803411162,,9439.329594341198,,0.03249731659889221,0.06505031883716583,test,mlp,7,Canada
2022-09-16 16:50:26,9.0s,9ca670c7027849acb5a906619e6a5b6a,Canada.mlp.test,LOCAL,codrift5.py,marabots,FINISHED,tanh,None,32,None,100,0,0.001,10,0,val_loss,False,0.9,0.999,1.0,0.0,1e-07,0.001,Adam,3,True,None,False,None,100,False,None,1,0.0,None,1,0.013872357085347176,4008.797530154756,0.2963184493971122,0.02776089310646057,0.24810225696460175,,9438.47905650567,,0.0324869379401207,0.0650288388133049,test,mlp,7,Canada
2022-09-16 16:50:17,8.9s,cbe0258994ab4b1d84aa03654cc12e9a,Canada.mlp.test,LOCAL,codrift5.py,marabots,FINISHED,tanh,None,32,None,100,0,0.001,10,0,val_loss,False,0.9,0.999,1.0,0.0,1e-07,0.001,Adam,3,True,None,False,None,100,False,None,1,0.0,None,1,0.013863228261470795,4013.6258581492584,0.29689580298939755,0.027743177488446236,0.24791924012247268,,9439.62768046754,,0.032496605068445206,0.06505152583122253,test,mlp,7,Canada
2022-09-16 16:50:08,9.0s,96e3e2512a3247eb9451f8da7173eb8a,Canada.mlp.test,LOCAL,codrift5.py,marabots,FINISHED,tanh,None,32,None,100,0,0.001,10,0,val_loss,False,0.9,0.999,1.0,0.0,1e-07,0.001,Adam,3,True,None,False,None,100,False,None,1,0.0,None,1,0.013852085918188095,4009.399887642823,0.2963514552729106,0.02772076427936554,0.24808963879711843,,9438.558253318646,,0.032506655901670456,0.0650700107216835,test,mlp,7,Canada
2022-09-16 16:49:59,9.0s,91a10dde5c7f4397821b7e615effeba4,Canada.mlp.test,LOCAL,codrift5.py,marabots,FINISHED,tanh,None,32,None,100,0,0.001,10,0,val_loss,False,0.9,0.999,1.0,0.0,1e-07,0.001,Adam,3,True,None,False,None,100,False,None,1,0.0,None,1,0.01390070654451847,4010.3638685318874,0.2964578706146164,0.02781943790614605,0.24804144769493353,,9438.860714397044,,0.03260284662246704,0.06526873260736465,test,mlp,7,Canada
2022-09-16 16:49:50,9.3s,7f1f68d6082841fc871c37900f6449fa,Canada.mlp.test,LOCAL,codrift5.py,marabots,FINISHED,tanh,None,32,None,100,0,0.001,10,0,val_loss,False,0.9,0.999,1.0,0.0,1e-07,0.001,Adam,3,True,None,False,None,100,False,None,1,0.0,None,1,0.013887932524085045,4008.176436827838,0.2961030574176943,0.027792375534772873,0.24803199296157052,,9438.920053858315,,0.032533567398786545,0.06512328237295151,test,mlp,7,Canada
2022-09-16 16:49:41,8.9s,8324899ee81d4a7890698069502a0f46,Canada.mlp.test,LOCAL,codrift5.py,marabots,FINISHED,tanh,None,32,None,100,0,0.001,10,0,val_loss,False,0.9,0.999,1.0,0.0,1e-07,0.001,Adam,3,True,None,False,None,100,False,None,1,0.0,None,1,0.013834919780492783,4010.964101440215,0.2965245910050093,0.027686694636940956,0.24808238229227453,,9438.603797828984,,0.03249065577983856,0.06504007428884506,test,mlp,7,Canada
2022-09-16 16:49:31,9.4s,b9bdad58829b425c9beb07dc598c2c20,Canada.mlp.test,LOCAL,codrift5.py,marabots,FINISHED,tanh,None,32,None,100,0,0.001,10,0,val_loss,False,0.9,0.999,1.0,0.0,1e-07,0.001,Adam,3,True,None,False,None,100,False,None,1,0.0,None,1,0.013822541572153568,4012.8387663424946,0.2970171486234959,0.027660978958010674,0.24806343868633896,,9438.722693875949,,0.03242804855108261,0.06491148471832275,test,mlp,7,Canada
2022-09-16 16:47:38,1.9min,4498cf833be7475a82771a425e818eed,Canada.mlp.test,LOCAL,codrift5.py,marabots,FINISHED,tanh,,,,,,0.001,,,,,,,,,,,,,,,,,100,,,,,,,,4009.331190149358,0.29628583410632603,,0.2480465290570535,,9438.828822778702,,,,test,mlp,7,Canada
2022-09-16 16:47:29,4.9s,c315f61af510451383fbb3d72949f46d,Australia.mlp.test,LOCAL,codrift5.py,marabots,FINISHED,tanh,None,32,None,100,0,0.001,10,0,val_loss,False,0.9,0.999,1.0,0.0,1e-07,0.001,Adam,3,True,None,False,None,100,False,None,1,0.0,None,1,0.4771891236305237,3529.6630585468374,0.7175746485632684,2.8819007873535156,-0.30860695715765707,19,7268.325640800821,22,2.1670422554016113,13.95443344116211,test,mlp,7,Australia
2022-09-16 16:47:23,5.5s,6a05ae2b01a24c60a3c04f688219df75,Australia.mlp.test,LOCAL,codrift5.py,marabots,FINISHED,tanh,None,32,None,100,0,0.001,10,0,val_loss,False,0.9,0.999,1.0,0.0,1e-07,0.001,Adam,3,True,None,False,None,100,False,None,1,0.0,None,1,0.4773103892803192,3529.6626972788945,0.7175743513443157,2.882143974304199,-0.3086069437298251,24,7268.325603510076,27,2.1670613288879395,13.954472541809082,test,mlp,7,Australia
2022-09-16 16:47:18,4.8s,dbb8ca5e3976420084f741a6c4759344,Australia.mlp.test,LOCAL,codrift5.py,marabots,FINISHED,tanh,None,32,None,100,0,0.001,10,0,val_loss,False,0.9,0.999,1.0,0.0,1e-07,0.001,Adam,3,True,None,False,None,100,False,None,1,0.0,None,1,0.4772581160068512,3529.662733613979,0.7175743513643362,2.882077693939209,-0.3086069479023448,17,7268.325615097678,20,2.1671721935272217,13.954696655273438,test,mlp,7,Australia
2022-09-16 16:47:13,4.9s,eaa6c6c5f5064cdc9972f132be7988b0,Australia.mlp.test,LOCAL,codrift5.py,marabots,FINISHED,tanh,None,32,None,100,0,0.001,10,0,val_loss,False,0.9,0.999,1.0,0.0,1e-07,0.001,Adam,3,True,None,False,None,100,False,None,1,0.0,None,1,0.47755539417266846,3529.6614449913613,0.7175734348227677,2.8826167583465576,-0.3086068880092394,20,7268.325448767139,23,2.167005777359009,13.95435619354248,test,mlp,7,Australia
2022-09-16 16:47:08,5.1s,747a46c4bad2461c85f5ff37e04dd69e,Australia.mlp.test,LOCAL,codrift5.py,marabots,FINISHED,tanh,None,32,None,100,0,0.001,10,0,val_loss,False,0.9,0.999,1.0,0.0,1e-07,0.001,Adam,3,True,None,False,None,100,False,None,1,0.0,None,1,0.47731056809425354,3529.663481376134,0.7175749693940228,2.8821303844451904,-0.3086069752250973,22,7268.325690976329,25,2.167088270187378,13.954540252685547,test,mlp,7,Australia
2022-09-16 16:47:03,5.0s,c45ec8a9a1114e18887407a7c6c3e19c,Australia.mlp.test,LOCAL,codrift5.py,marabots,FINISHED,tanh,None,32,None,100,0,0.001,10,0,val_loss,False,0.9,0.999,1.0,0.0,1e-07,0.001,Adam,3,True,None,False,None,100,False,None,1,0.0,None,1,0.477505624294281,3529.6607490703464,0.717572943234792,2.882547378540039,-0.30860685565618184,20,7268.325358918707,23,2.167224645614624,13.954800605773926,test,mlp,7,Australia
2022-09-16 16:46:58,4.9s,84e7d43c01604f6ba49495746d88b97f,Australia.mlp.test,LOCAL,codrift5.py,marabots,FINISHED,tanh,None,32,None,100,0,0.001,10,0,val_loss,False,0.9,0.999,1.0,0.0,1e-07,0.001,Adam,3,True,None,False,None,100,False,None,1,0.0,None,1,0.4772259294986725,3529.662517223507,0.7175741827138042,2.8819875717163086,-0.3086069390332835,18,7268.325590467201,21,2.167208433151245,13.954769134521484,test,mlp,7,Australia
2022-09-16 16:46:53,5.3s,132a15c45b694c1fa0e93f7719cb2ffd,Australia.mlp.test,LOCAL,codrift5.py,marabots,FINISHED,tanh,None,32,None,100,0,0.001,10,0,val_loss,False,0.9,0.999,1.0,0.0,1e-07,0.001,Adam,3,True,None,False,None,100,False,None,1,0.0,None,1,0.4771440923213959,3529.6621980764903,0.7175739830200352,2.881793260574341,-0.3086069220023786,23,7268.325543170278,26,2.1671407222747803,13.954628944396973,test,mlp,7,Australia
2022-09-16 16:46:48,5.3s,d1beb3ef17dc4d2faa0ae7475efb1c6a,Australia.mlp.test,LOCAL,codrift5.py,marabots,FINISHED,tanh,None,32,None,100,0,0.001,10,0,val_loss,False,0.9,0.999,1.0,0.0,1e-07,0.001,Adam,3,True,None,False,None,100,False,None,1,0.0,None,1,0.4773811995983124,3529.6639447063208,0.7175752679729119,2.882267951965332,-0.30860699941243674,20,7268.325758147551,23,2.1670913696289062,13.954543113708496,test,mlp,7,Australia
2022-09-16 16:45:25,1.4min,b43b6ebf202446a2b27f93a89f5f73a6,Australia.mlp.test,LOCAL,codrift5.py,marabots,FINISHED,tanh,,,,,,0.001,,,,,,,,,,,,,,,,,100,,,,,,,,3529.6634753588587,0.7175749587423936,,-0.30860697566966877,,7268.325692210959,,,,test,mlp,7,Australia
2022-09-16 16:45:15,5.4s,c4320d20d7f140b9bd2f4c8196a78df3,Argentina.mlp.test,LOCAL,codrift5.py,marabots,FINISHED,tanh,None,32,None,100,0,0.01,10,0,val_loss,False,0.9,0.999,1.0,0.0,1e-07,0.01,Adam,3,True,None,False,None,15,False,None,1,0.0,None,1,0.017864491790533066,2960.3835603029147,1.224624880063356,0.03572898358106613,0.7961069832767228,28,4757.853718631068,31,0.008846927434206009,0.017693854868412018,test,mlp,7,Argentina
2022-09-16 16:45:10,5.6s,e9077bbd2fe64caba3e3700e3e994171,Argentina.mlp.test,LOCAL,codrift5.py,marabots,FINISHED,tanh,None,32,None,100,0,0.01,10,0,val_loss,False,0.9,0.999,1.0,0.0,1e-07,0.01,Adam,3,True,None,False,None,15,False,None,1,0.0,None,1,0.012896260246634483,3467.502392701106,1.611737116743433,0.025792520493268967,0.7786591412669994,27,4957.24866972313,30,0.01058689784258604,0.02117379568517208,test,mlp,7,Argentina
2022-09-16 16:45:05,5.2s,9621f4b088394aee876c650dae4e1cd1,Argentina.mlp.test,LOCAL,codrift5.py,marabots,FINISHED,tanh,None,32,None,100,0,0.01,10,0,val_loss,False,0.9,0.999,1.0,0.0,1e-07,0.01,Adam,3,True,None,False,None,15,False,None,1,0.0,None,1,0.012313226237893105,3321.9367104077246,1.5122372764895065,0.02462645247578621,0.7849718698418743,24,4886.045971629496,27,0.009912022389471531,0.019824044778943062,test,mlp,7,Argentina
2022-09-16 16:44:59,5.2s,ce73d88a8f1a4ee29ba2977dd7a3cd78,Argentina.mlp.test,LOCAL,codrift5.py,marabots,FINISHED,tanh,None,32,None,100,0,0.01,10,0,val_loss,False,0.9,0.999,1.0,0.0,1e-07,0.01,Adam,3,True,None,False,None,15,False,None,1,0.0,None,1,0.02403794787824154,3244.547652192763,1.4450303920852687,0.04807589575648308,0.783037930420646,24,4907.969069301133,27,0.009762515313923359,0.019525030627846718,test,mlp,7,Argentina
2022-09-16 16:44:55,4.6s,3574d2624e3e4cefb974197372f62965,Argentina.mlp.test,LOCAL,codrift5.py,marabots,FINISHED,tanh,None,32,None,100,0,0.01,10,0,val_loss,False,0.9,0.999,1.0,0.0,1e-07,0.01,Adam,3,True,None,False,None,15,False,None,1,0.0,None,1,0.01629391312599182,3736.594511295669,1.7181599046512532,0.03258782625198364,0.7333576021667356,13,5440.947215725996,16,0.011760087683796883,0.023520175367593765,test,mlp,7,Argentina
2022-09-16 16:44:50,5.1s,2fb21c5369824f9bbf11c9bf93954750,Argentina.mlp.test,LOCAL,codrift5.py,marabots,FINISHED,tanh,None,32,None,100,0,0.01,10,0,val_loss,False,0.9,0.999,1.0,0.0,1e-07,0.01,Adam,3,True,None,False,None,15,False,None,1,0.0,None,1,0.013541102409362793,3593.477014472999,1.6903182510326116,0.027082204818725586,0.7686026877400236,22,5068.612201739365,25,0.01084983255714178,0.02169966511428356,test,mlp,7,Argentina
2022-09-16 16:44:44,5.4s,1648484237a7479b8d9d0feea73cf293,Argentina.mlp.test,LOCAL,codrift5.py,marabots,FINISHED,tanh,None,32,None,100,0,0.01,10,0,val_loss,False,0.9,0.999,1.0,0.0,1e-07,0.01,Adam,3,True,None,False,None,15,False,None,1,0.0,None,1,0.012598663568496704,3438.3751329341903,1.584228488768746,0.025197327136993408,0.7759934410790766,27,4987.010435206924,30,0.010083463974297047,0.020166927948594093,test,mlp,7,Argentina
2022-09-16 16:44:40,4.3s,faef1f47c27b43e9bfe3ce2650c312f1,Argentina.mlp.test,LOCAL,codrift5.py,marabots,FINISHED,tanh,None,32,None,100,0,0.01,10,0,val_loss,False,0.9,0.999,1.0,0.0,1e-07,0.01,Adam,3,True,None,False,None,15,False,None,1,0.0,None,1,0.039114825427532196,3701.8452255569864,1.0112054768564467,0.07822965085506439,0.43756179044284305,2,7902.187280227801,5,0.013018499128520489,0.026036998257040977,test,mlp,7,Argentina
2022-09-16 16:44:35,4.9s,c40eed6af5824222bf4c64426cbd0f28,Argentina.mlp.test,LOCAL,codrift5.py,marabots,FINISHED,tanh,None,32,None,100,0,0.01,10,0,val_loss,False,0.9,0.999,1.0,0.0,1e-07,0.01,Adam,3,True,None,False,None,15,False,None,1,0.0,None,1,0.014280542731285095,3484.022822481813,1.5223877610113812,0.02856108546257019,0.738478885959944,9,5388.442941278718,12,0.011358318850398064,0.022716637700796127,test,mlp,7,Argentina
2022-09-16 16:43:09,1.4min,50aef4d97b1a47d3a5e242cd922f2974,Argentina.mlp.test,LOCAL,codrift5.py,marabots,FINISHED,tanh,,,,,,0.01,,,,,,,,,,,,,,,,,15,,,,,,,,3746.8456666337443,1.7208301411394522,,0.7296218041252587,,5478.929882976203,,,,test,mlp,7,Argentina
2022-09-07 21:15:16,5.3s,cb9531c62f274446898d821d79520123,Russia.mlp.test,LOCAL,codrift5.py,marabots,FINISHED,tanh,None,32,None,100,0,0.001,10,0,val_loss,False,0.9,0.999,1.0,0.0,1e-07,0.001,Adam,3,True,None,False,None,100,False,None,1,0.0,None,1,0.004389618057757616,5894.529934249818,0.16737318392097203,0.008779236115515232,-0.6023262276274384,27,7007.863864437585,30,0.008488630875945091,0.016977261751890182,test,mlp,7,Russia
2022-09-07 21:15:11,5.6s,d17d34b3558440fe806693bd74c91a87,Russia.mlp.test,LOCAL,codrift5.py,marabots,FINISHED,tanh,None,32,None,100,0,0.001,10,0,val_loss,False,0.9,0.999,1.0,0.0,1e-07,0.001,Adam,3,True,None,False,None,100,False,None,1,0.0,None,1,0.004406273365020752,5872.125377630815,0.16666011455234328,0.008812546730041504,-0.5943438584433125,26,6990.386399963569,29,0.008433337323367596,0.01686667464673519,test,mlp,7,Russia
2022-09-07 21:15:05,5.7s,5a206c452c284557a421b687f0250132,Russia.mlp.test,LOCAL,codrift5.py,marabots,FINISHED,tanh,None,32,None,100,0,0.001,10,0,val_loss,False,0.9,0.999,1.0,0.0,1e-07,0.001,Adam,3,True,None,False,None,100,False,None,1,0.0,None,1,0.004712442401796579,5927.353591191582,0.16843250203457252,0.009424884803593159,-0.6139652705410983,18,7033.269816074229,21,0.008597956039011478,0.017195912078022957,test,mlp,7,Russia
2022-09-07 21:15:00,5.2s,af81f9bd6fb94818b366c53e74042cb7,Russia.mlp.test,LOCAL,codrift5.py,marabots,FINISHED,tanh,None,32,None,100,0,0.001,10,0,val_loss,False,0.9,0.999,1.0,0.0,1e-07,0.001,Adam,3,True,None,False,None,100,False,None,1,0.0,None,1,0.004426993429660797,5906.052257170901,0.16770452755652523,0.008853986859321594,-0.6084229973760775,24,7021.18348901943,27,0.008527448400855064,0.01705489680171013,test,mlp,7,Russia
2022-09-07 21:14:54,5.4s,5ab93dd08913405c88f0d1904184a286,Russia.mlp.test,LOCAL,codrift5.py,marabots,FINISHED,tanh,None,32,None,100,0,0.001,10,0,val_loss,False,0.9,0.999,1.0,0.0,1e-07,0.001,Adam,3,True,None,False,None,100,False,None,1,0.0,None,1,0.004380584694445133,5880.392570578493,0.16689137653585245,0.008761169388890266,-0.5989330869340341,29,7000.439886218144,32,0.008487128652632236,0.016974257305264473,test,mlp,7,Russia
2022-09-07 21:14:49,5.0s,7d1a09874d7740fe9d1cf79f28481d1b,Russia.mlp.test,LOCAL,codrift5.py,marabots,FINISHED,tanh,None,32,None,100,0,0.001,10,0,val_loss,False,0.9,0.999,1.0,0.0,1e-07,0.001,Adam,3,True,None,False,None,100,False,None,1,0.0,None,1,0.004527435638010502,5896.393593041226,0.16742378832118174,0.009054871276021004,-0.6038869421638944,22,7011.275970162611,25,0.008409244939684868,0.016818489879369736,test,mlp,7,Russia
2022-09-07 21:14:44,5.1s,6628e76dfa7542daab98cce3eb46736c,Russia.mlp.test,LOCAL,codrift5.py,marabots,FINISHED,tanh,None,32,None,100,0,0.001,10,0,val_loss,False,0.9,0.999,1.0,0.0,1e-07,0.001,Adam,3,True,None,False,None,100,False,None,1,0.0,None,1,0.004426130559295416,5842.589506531134,0.16566770993400884,0.008852261118590832,-0.5854630873190636,23,6970.890382186746,26,0.00838826410472393,0.01677652820944786,test,mlp,7,Russia
2022-09-07 21:14:38,5.8s,035b6bf8a1374915ad7bf675c2bb5624,Russia.mlp.test,LOCAL,codrift5.py,marabots,FINISHED,tanh,None,32,None,100,0,0.001,10,0,val_loss,False,0.9,0.999,1.0,0.0,1e-07,0.001,Adam,3,True,None,False,None,100,False,None,1,0.0,None,1,0.004350794479250908,5884.565763646271,0.16701938904385602,0.008701588958501816,-0.5998331377702297,26,7002.40990778745,29,0.00837158877402544,0.01674317754805088,test,mlp,7,Russia
2022-09-07 21:14:33,5.2s,9a17afdb0f8d40ff944bb217d9d70185,Russia.mlp.test,LOCAL,codrift5.py,marabots,FINISHED,tanh,None,32,None,100,0,0.001,10,0,val_loss,False,0.9,0.999,1.0,0.0,1e-07,0.001,Adam,3,True,None,False,None,100,False,None,1,0.0,None,1,0.00465290667489171,5934.810078359675,0.16879091238221386,0.00930581334978342,-0.612687223843474,19,7030.484555565524,22,0.00851344596594572,0.01702689193189144,test,mlp,7,Russia
2022-09-07 21:12:29,2.1min,20936a90b254465c8afa68c5b2f42ff9,Russia.mlp.test,LOCAL,codrift5.py,marabots,FINISHED,tanh,,,,,,0.001,,,,,,,,,,,,,,,,,100,,,,,,,,5920.932851335034,0.16828314508007208,,-0.6105614924907086,,7025.849481476288,,,,test,mlp,7,Russia
2022-09-07 21:12:17,8.2s,a7eaba3abf5d45dda5b919d9c04f6806,India.mlp.test,LOCAL,codrift5.py,marabots,FINISHED,tanh,None,32,None,100,0,0.001,10,0,val_loss,False,0.9,0.999,1.0,0.0,1e-07,0.001,Adam,3,True,None,False,None,2,False,None,1,0.0,None,1,0.0061390274204313755,18370.981985863298,2.039287038219944,0.012278054840862751,-28.220017264962877,82,18660.79885185017,85,0.0007421491900458932,0.0014842983800917864,test,mlp,7,India
2022-09-07 21:12:11,6.3s,c2fe4b7aeaf2428e9b85b683e36e3cc6,India.mlp.test,LOCAL,codrift5.py,marabots,FINISHED,tanh,None,32,None,100,0,0.001,10,0,val_loss,False,0.9,0.999,1.0,0.0,1e-07,0.001,Adam,3,True,None,False,None,2,False,None,1,0.0,None,1,0.006773608271032572,19679.652032565325,2.188727080764053,0.013547216542065144,-32.41716700199849,40,19956.060503773297,43,0.0008407135610468686,0.0016814271220937371,test,mlp,7,India
2022-09-07 21:12:03,7.8s,f3e49289327440b7b2ae1ff76eb8b7a2,India.mlp.test,LOCAL,codrift5.py,marabots,FINISHED,tanh,None,32,None,100,0,0.001,10,0,val_loss,False,0.9,0.999,1.0,0.0,1e-07,0.001,Adam,3,True,None,False,None,2,False,None,1,0.0,None,1,0.005255465861409903,18251.058488957584,2.0284604022533848,0.010510931722819805,-27.833003142125865,76,18536.807379911257,79,0.0007525634136982262,0.0015051268273964524,test,mlp,7,India
2022-09-07 21:11:55,7.9s,0cbf5467e61f40cf8893b3f23731f142,India.mlp.test,LOCAL,codrift5.py,marabots,FINISHED,tanh,None,32,None,100,0,0.001,10,0,val_loss,False,0.9,0.999,1.0,0.0,1e-07,0.001,Adam,3,True,None,False,None,2,False,None,1,0.0,None,1,0.005369066260755062,17425.36363626644,1.9407610996477942,0.010738132521510124,-25.36605808031411,79,17726.07570100225,82,0.0008208562503568828,0.0016417125007137656,test,mlp,7,India
2022-09-07 21:11:47,8.1s,77112584e04c4620a6c9e161092b2ead,India.mlp.test,LOCAL,codrift5.py,marabots,FINISHED,tanh,None,32,None,100,0,0.001,10,0,val_loss,False,0.9,0.999,1.0,0.0,1e-07,0.001,Adam,3,True,None,False,None,2,False,None,1,0.0,None,1,0.007367612328380346,20039.27868607268,2.227857431669615,0.014735224656760693,-33.60034007811922,82,20306.271155704344,85,0.0009248504065908492,0.0018497008131816983,test,mlp,7,India
2022-09-07 21:11:39,8.2s,a2a17533954d4b2c8d6b70d0b922a364,India.mlp.test,LOCAL,codrift5.py,marabots,FINISHED,tanh,None,32,None,100,0,0.001,10,0,val_loss,False,0.9,0.999,1.0,0.0,1e-07,0.001,Adam,3,True,None,False,None,2,False,None,1,0.0,None,1,0.00629024114459753,19109.762793313712,2.1225740706503586,0.01258048228919506,-30.536634385753917,84,19386.422309015674,87,0.0007345543708652258,0.0014691087417304516,test,mlp,7,India
2022-09-07 21:11:33,5.6s,f276c582c80f4d3eb2d79caf300764dd,India.mlp.test,LOCAL,codrift5.py,marabots,FINISHED,tanh,None,32,None,100,0,0.001,10,0,val_loss,False,0.9,0.999,1.0,0.0,1e-07,0.001,Adam,3,True,None,False,None,2,False,None,1,0.0,None,1,0.0058293952606618404,19135.640880189836,2.1255526958202062,0.011658790521323681,-30.606185444262117,29,19407.787994110553,32,0.0007602364639751613,0.0015204729279503226,test,mlp,7,India
2022-09-07 21:11:28,5.2s,e747702752324b5db2e95a1c85c2e424,India.mlp.test,LOCAL,codrift5.py,marabots,FINISHED,tanh,None,32,None,100,0,0.001,10,0,val_loss,False,0.9,0.999,1.0,0.0,1e-07,0.001,Adam,3,True,None,False,None,2,False,None,1,0.0,None,1,0.009770621545612812,19214.523984089494,2.133398967428889,0.019541243091225624,-30.88779480330121,26,19494.057413537295,29,0.000971824920270592,0.001943649840541184,test,mlp,7,India
2022-09-07 21:11:22,5.8s,5303cc561b044daa9b1ebeb36598cd68,India.mlp.test,LOCAL,codrift5.py,marabots,FINISHED,tanh,None,32,None,100,0,0.001,10,0,val_loss,False,0.9,0.999,1.0,0.0,1e-07,0.001,Adam,3,True,None,False,None,2,False,None,1,0.0,None,1,0.007749217562377453,20442.335586912934,2.270812109137308,0.015498435124754906,-34.98734036608623,29,20709.27395087022,32,0.0009371743071824312,0.0018743486143648624,test,mlp,7,India
2022-09-07 21:10:30,51.7s,658b665d9a674be5985573f51afb6f59,India.mlp.test,LOCAL,codrift5.py,marabots,FINISHED,tanh,,,,,,0.001,,,,,,,,,,,,,,,,,2,,,,,,,,16268.093310240656,1.8136778475741013,,-22.124335884077354,,16600.632367512328,,,,test,mlp,7,India
2022-09-07 21:10:20,6.1s,0308f9c7dbd64fe6b1b5fcf7c25c2a27,South Africa.mlp.test,LOCAL,codrift5.py,marabots,FINISHED,tanh,None,32,None,100,0,0.01,10,0,val_loss,False,0.9,0.999,1.0,0.0,1e-07,0.01,Adam,3,True,None,False,None,15,False,None,1,0.0,None,1,0.01058233343064785,3400.461301659496,2.2863497013445917,0.0211646668612957,0.6728022305756831,40,5156.591902875497,43,0.021349409595131874,0.04269881919026375,test,mlp,7,South Africa
2022-09-07 21:10:16,4.4s,4a474407d1a249ec8b9e63ad7d193a90,South Africa.mlp.test,LOCAL,codrift5.py,marabots,FINISHED,tanh,None,32,None,100,0,0.01,10,0,val_loss,False,0.9,0.999,1.0,0.0,1e-07,0.01,Adam,3,True,None,False,None,15,False,None,1,0.0,None,1,0.014237411320209503,3334.3103649186087,2.5615001143153715,0.028474822640419006,0.6893853599650048,3,5024.218933353317,6,0.02494325488805771,0.04988650977611542,test,mlp,7,South Africa
2022-09-07 21:10:07,9.0s,83ea4c3ac1aa42049930f6b596a43729,South Africa.mlp.test,LOCAL,codrift5.py,marabots,FINISHED,tanh,None,32,None,100,0,0.01,10,0,val_loss,False,0.9,0.999,1.0,0.0,1e-07,0.01,Adam,3,True,None,False,None,15,False,None,1,0.0,None,1,0.010110032744705677,3333.7228946820105,2.138460582551641,0.020220065489411354,0.6690598779535368,,5185.997541197335,,0.02082374505698681,0.04164749011397362,test,mlp,7,South Africa
2022-09-07 21:09:58,9.0s,491399b70e514ccf9b27a22b8414895f,South Africa.mlp.test,LOCAL,codrift5.py,marabots,FINISHED,tanh,None,32,None,100,0,0.01,10,0,val_loss,False,0.9,0.999,1.0,0.0,1e-07,0.01,Adam,3,True,None,False,None,15,False,None,1,0.0,None,1,0.010263609699904919,3363.8243640458613,2.2270043546495293,0.020527219399809837,0.6705876449611823,,5174.0132567243345,,0.021059174090623856,0.04211834818124771,test,mlp,7,South Africa
2022-09-07 21:09:49,8.5s,abfd75b7b6c344f7ab08279f7cb0c7f5,South Africa.mlp.test,LOCAL,codrift5.py,marabots,FINISHED,tanh,None,32,None,100,0,0.01,10,0,val_loss,False,0.9,0.999,1.0,0.0,1e-07,0.01,Adam,3,True,None,False,None,15,False,None,1,0.0,None,1,0.010921013541519642,3287.0910492984112,2.031255719130079,0.021842027083039284,0.671993655190078,86,5162.959489893303,89,0.02097603864967823,0.04195207729935646,test,mlp,7,South Africa
2022-09-07 21:09:42,7.2s,a858493862b04312b0f6c56fadf5f666,South Africa.mlp.test,LOCAL,codrift5.py,marabots,FINISHED,tanh,None,32,None,100,0,0.01,10,0,val_loss,False,0.9,0.999,1.0,0.0,1e-07,0.01,Adam,3,True,None,False,None,15,False,None,1,0.0,None,1,0.010904496535658836,3438.7635016142813,2.3616354789937817,0.021808993071317673,0.6697315037240219,62,5180.732512382955,65,0.02126515470445156,0.04253030940890312,test,mlp,7,South Africa
2022-09-07 21:09:35,7.3s,2b7e1144da554e94aa9c6f7ab35279da,South Africa.mlp.test,LOCAL,codrift5.py,marabots,FINISHED,tanh,None,32,None,100,0,0.01,10,0,val_loss,False,0.9,0.999,1.0,0.0,1e-07,0.01,Adam,3,True,None,False,None,15,False,None,1,0.0,None,1,0.010562488809227943,3412.2241250103543,2.3200133704702965,0.021124977618455887,0.670020106842231,57,5178.468441854195,60,0.021174423396587372,0.042348846793174744,test,mlp,7,South Africa
2022-09-07 21:09:26,8.6s,e052dcb1b2ba401eaabce04bb69751f4,South Africa.mlp.test,LOCAL,codrift5.py,marabots,FINISHED,tanh,None,32,None,100,0,0.01,10,0,val_loss,False,0.9,0.999,1.0,0.0,1e-07,0.01,Adam,3,True,None,False,None,15,False,None,1,0.0,None,1,0.010397819802165031,3385.91731144412,2.276470697401038,0.020795639604330063,0.669686963696313,89,5181.081837542699,92,0.021080292761325836,0.04216058552265167,test,mlp,7,South Africa
2022-09-07 21:09:19,6.7s,b40e6d6c402a46399939a35777a14d1c,South Africa.mlp.test,LOCAL,codrift5.py,marabots,FINISHED,tanh,None,32,None,100,0,0.01,10,0,val_loss,False,0.9,0.999,1.0,0.0,1e-07,0.01,Adam,3,True,None,False,None,15,False,None,1,0.0,None,1,0.010971720330417156,3455.6255292331143,2.399136617572572,0.021943440660834312,0.6701645262700344,48,5177.335110231135,51,0.021536871790885925,0.04307374358177185,test,mlp,7,South Africa
2022-09-07 21:07:31,1.8min,83d9f38945f642189d2420d169f7b912,South Africa.mlp.test,LOCAL,codrift5.py,marabots,FINISHED,tanh,,,,,,0.01,,,,,,,,,,,,,,,,,15,,,,,,,,3382.3650181362245,2.282933793117482,,0.6697392637073163,,5180.671648821408,,,,test,mlp,7,South Africa
2022-09-07 21:07:20,7.0s,4fdc07554f8041458b542eb28ed73447,France.mlp.test,LOCAL,codrift5.py,marabots,FINISHED,tanh,None,32,None,100,0,0.01,10,0,val_loss,False,0.9,0.999,1.0,0.0,1e-07,0.01,Adam,3,True,None,False,None,2,False,None,1,0.0,None,1,0.02296704240143299,16612.462674709182,0.5377874951242008,0.04633447155356407,0.4443390931251542,56,36350.832324073686,59,0.011934378184378147,0.023868756368756294,test,mlp,7,France
2022-09-07 21:07:11,9.2s,e7cf3e1194b7423f8cfe79b7bed76296,France.mlp.test,LOCAL,codrift5.py,marabots,FINISHED,tanh,None,32,None,100,0,0.01,10,0,val_loss,False,0.9,0.999,1.0,0.0,1e-07,0.01,Adam,3,True,None,False,None,2,False,None,1,0.0,None,1,0.021541766822338104,17906.62699666078,0.49753963768183745,0.043499432504177094,0.37045042712191856,,38692.28735312721,,0.011380534619092941,0.022761069238185883,test,mlp,7,France
2022-09-07 21:07:02,8.9s,8e4ef7ef68f341818f7e95f955a2aaf8,France.mlp.test,LOCAL,codrift5.py,marabots,FINISHED,tanh,None,32,None,100,0,0.01,10,0,val_loss,False,0.9,0.999,1.0,0.0,1e-07,0.01,Adam,3,True,None,False,None,2,False,None,1,0.0,None,1,0.022560130804777145,16510.549336534845,0.5218502614210347,0.04552021995186806,0.4411800283820141,,36454.0174484101,,0.011931239627301693,0.023862479254603386,test,mlp,7,France
2022-09-07 21:06:53,9.0s,65d1c3035bb049e9a040bfbf52046eed,France.mlp.test,LOCAL,codrift5.py,marabots,FINISHED,tanh,None,32,None,100,0,0.01,10,0,val_loss,False,0.9,0.999,1.0,0.0,1e-07,0.01,Adam,3,True,None,False,None,2,False,None,1,0.0,None,1,0.02237214520573616,16583.111182786088,0.5154384126496766,0.04514358937740326,0.43226837454386513,,36743.53880279658,,0.011858015321195126,0.02371603064239025,test,mlp,7,France
2022-09-07 21:06:44,9.0s,ffbcfa53bf5940e9adf402f4aa6b56ac,France.mlp.test,LOCAL,codrift5.py,marabots,FINISHED,tanh,None,32,None,100,0,0.01,10,0,val_loss,False,0.9,0.999,1.0,0.0,1e-07,0.01,Adam,3,True,None,False,None,2,False,None,1,0.0,None,1,0.02234029956161976,16861.83117850931,0.5164675602517264,0.04508405178785324,0.4210405113982061,,37105.09310330634,,0.01201198436319828,0.02402396872639656,test,mlp,7,France
2022-09-07 21:06:35,9.0s,abbba59bd39545baa69bd12f79a5f8c7,France.mlp.test,LOCAL,codrift5.py,marabots,FINISHED,tanh,None,32,None,100,0,0.01,10,0,val_loss,False,0.9,0.999,1.0,0.0,1e-07,0.01,Adam,3,True,None,False,None,2,False,None,1,0.0,None,1,0.02322060987353325,16401.68919498718,0.5398318693682373,0.04686133936047554,0.45326258501601824,,36057.767591526936,,0.012203504331409931,0.024407008662819862,test,mlp,7,France
2022-09-07 21:06:26,9.4s,068198e199e845bb9c212d5ea5cb2ec7,France.mlp.test,LOCAL,codrift5.py,marabots,FINISHED,tanh,None,32,None,100,0,0.01,10,0,val_loss,False,0.9,0.999,1.0,0.0,1e-07,0.01,Adam,3,True,None,False,None,2,False,None,1,0.0,None,1,0.022295508533716202,16666.95535217665,0.514448026286507,0.04499498009681702,0.42896110726829006,,36850.40640958508,,0.011837832629680634,0.023675665259361267,test,mlp,7,France
2022-09-07 21:06:17,9.0s,57ce845569e34163a55aa7b71e174fcd,France.mlp.test,LOCAL,codrift5.py,marabots,FINISHED,tanh,None,32,None,100,0,0.01,10,0,val_loss,False,0.9,0.999,1.0,0.0,1e-07,0.01,Adam,3,True,None,False,None,2,False,None,1,0.0,None,1,0.02266356162726879,16469.52634211487,0.5181283344275085,0.04574078693985939,0.4402809997635614,,36483.32924454384,,0.011949076317250729,0.023898152634501457,test,mlp,7,France
2022-09-07 21:06:07,9.2s,4ccf6a97f5b24caf88804aa20d812537,France.mlp.test,LOCAL,codrift5.py,marabots,FINISHED,tanh,None,32,None,100,0,0.01,10,0,val_loss,False,0.9,0.999,1.0,0.0,1e-07,0.01,Adam,3,True,None,False,None,2,False,None,1,0.0,None,1,0.022308623418211937,16638.282724887664,0.5201156362180153,0.04501217603683472,0.4341071759096913,,36683.98701576995,,0.01187449786812067,0.02374899573624134,test,mlp,7,France
2022-09-07 21:04:18,1.8min,6fc3d4a7e8d642798778deabdc273666,France.mlp.test,LOCAL,codrift5.py,marabots,FINISHED,tanh,,,,,,0.01,,,,,,,,,,,,,,,,,2,,,,,,,,16562.520321901073,0.5146593840306251,,0.4340682914892102,,36685.2473348731,,,,test,mlp,7,France
2022-09-07 21:04:05,9.0s,66a7925210d347048a815b6f20791ad1,Italy.mlp.test,LOCAL,codrift5.py,marabots,FINISHED,tanh,None,32,None,100,0,0.001,10,0,val_loss,False,0.9,0.999,1.0,0.0,1e-07,0.001,Adam,3,True,None,False,None,20,False,None,1,0.0,None,1,0.00698456447571516,7732.7240009317175,0.2419563685887944,0.01396912895143032,0.411274910804717,,20338.54183235702,,0.00208863103762269,0.00417726207524538,test,mlp,7,Italy
2022-09-07 21:03:56,9.3s,e27114c594a249e1998db2c8e3522183,Italy.mlp.test,LOCAL,codrift5.py,marabots,FINISHED,tanh,None,32,None,100,0,0.001,10,0,val_loss,False,0.9,0.999,1.0,0.0,1e-07,0.001,Adam,3,True,None,False,None,20,False,None,1,0.0,None,1,0.006924215704202652,7739.358078740275,0.2410163491738258,0.013848431408405304,0.41107741138449805,,20341.953028403637,,0.0020268314983695745,0.004053662996739149,test,mlp,7,Italy
2022-09-07 21:03:47,8.8s,f86b8d64e9e54f5bac120946f742e24a,Italy.mlp.test,LOCAL,codrift5.py,marabots,FINISHED,tanh,None,32,None,100,0,0.001,10,0,val_loss,False,0.9,0.999,1.0,0.0,1e-07,0.001,Adam,3,True,None,False,None,20,False,None,1,0.0,None,1,0.006929134950041771,7673.636948275605,0.23800116665414447,0.013858269900083542,0.41256521196145324,,20316.241747530767,,0.002076071687042713,0.004152143374085426,test,mlp,7,Italy
2022-09-07 21:03:38,8.8s,ea0d391c05bc448c9d4872e6c8cf441f,Italy.mlp.test,LOCAL,codrift5.py,marabots,FINISHED,tanh,None,32,None,100,0,0.001,10,0,val_loss,False,0.9,0.999,1.0,0.0,1e-07,0.001,Adam,3,True,None,False,None,20,False,None,1,0.0,None,1,0.006834100931882858,7621.663642781437,0.23384270688183736,0.013668201863765717,0.41307130831641503,,20307.48827256424,,0.0020238568540662527,0.004047713708132505,test,mlp,7,Italy
2022-09-07 21:03:29,8.9s,8ec74dd0a4f14418aea49867bffce312,Italy.mlp.test,LOCAL,codrift5.py,marabots,FINISHED,tanh,None,32,None,100,0,0.001,10,0,val_loss,False,0.9,0.999,1.0,0.0,1e-07,0.001,Adam,3,True,None,False,None,20,False,None,1,0.0,None,1,0.006867156829684973,7600.341338948221,0.23341599720303016,0.013734313659369946,0.41361080552194607,,20298.15293753786,,0.0020679370500147343,0.0041358741000294685,test,mlp,7,Italy
2022-09-07 21:03:20,8.9s,3d2da1ba253f4b58a6beb5e0903d998f,Italy.mlp.test,LOCAL,codrift5.py,marabots,FINISHED,tanh,None,32,None,100,0,0.001,10,0,val_loss,False,0.9,0.999,1.0,0.0,1e-07,0.001,Adam,3,True,None,False,None,20,False,None,1,0.0,None,1,0.006728695705533028,7618.624979019718,0.2339120372350465,0.013457391411066055,0.4137476709282607,,20295.783967321582,,0.001997322542592883,0.003994645085185766,test,mlp,7,Italy
2022-09-07 21:03:11,8.9s,f839a6bc57774e958fdf650f3b4c97d0,Italy.mlp.test,LOCAL,codrift5.py,marabots,FINISHED,tanh,None,32,None,100,0,0.001,10,0,val_loss,False,0.9,0.999,1.0,0.0,1e-07,0.001,Adam,3,True,None,False,None,20,False,None,1,0.0,None,1,0.0067811887711286545,7700.699318447965,0.2389928915280092,0.013562377542257309,0.41225279796850145,,20321.643397783642,,0.0020026289857923985,0.004005257971584797,test,mlp,7,Italy
2022-09-07 21:03:02,9.1s,8aac52ca12e446708cf36ee9ba6c0b48,Italy.mlp.test,LOCAL,codrift5.py,marabots,FINISHED,tanh,None,32,None,100,0,0.001,10,0,val_loss,False,0.9,0.999,1.0,0.0,1e-07,0.001,Adam,3,True,None,False,None,20,False,None,1,0.0,None,1,0.006866860203444958,7730.238450230565,0.24226019499889126,0.013733720406889915,0.41186992039176384,,20328.26140873703,,0.0020445426926016808,0.0040890853852033615,test,mlp,7,Italy
2022-09-07 21:02:53,9.1s,bd2250d28a79432ea85f5175d921c63f,Italy.mlp.test,LOCAL,codrift5.py,marabots,FINISHED,tanh,None,32,None,100,0,0.001,10,0,val_loss,False,0.9,0.999,1.0,0.0,1e-07,0.001,Adam,3,True,None,False,None,20,False,None,1,0.0,None,1,0.006804489064961672,7715.7966691517795,0.24281001851660697,0.013608978129923344,0.41193304136251674,,20327.170515694517,,0.0020149205811321735,0.004029841162264347,test,mlp,7,Italy
2022-09-07 21:01:22,1.5min,eadbfd3c0c334c929509f0b76c1650da,Italy.mlp.test,LOCAL,codrift5.py,marabots,FINISHED,tanh,,,,,,0.001,,,,,,,,,,,,,,,,,20,,,,,,,,7594.572926697205,0.2324300442320038,,0.4131763137078329,,20305.671619904027,,,,test,mlp,7,Italy
2022-09-07 21:01:09,9.0s,2754b78a7db24dad84d5a85691badf6b,United Kingdom.mlp.test,LOCAL,codrift5.py,marabots,FINISHED,tanh,None,32,None,100,0,0.001,10,0,val_loss,False,0.9,0.999,1.0,0.0,1e-07,0.001,Adam,3,True,None,False,None,50,False,None,1,0.0,None,1,0.006888723932206631,18738.226302240626,0.1902478117236437,0.013777447864413261,0.10868934721344325,,36399.64032198335,,0.007481241598725319,0.014962483197450638,test,mlp,7,United Kingdom
2022-09-07 21:01:00,9.1s,5c0775ae083e47b988d2dd1e8e36394a,United Kingdom.mlp.test,LOCAL,codrift5.py,marabots,FINISHED,tanh,None,32,None,100,0,0.001,10,0,val_loss,False,0.9,0.999,1.0,0.0,1e-07,0.001,Adam,3,True,None,False,None,50,False,None,1,0.0,None,1,0.006896893493831158,18691.114038706524,0.1891435421466555,0.013793786987662315,0.10911085167871504,,36391.03253455986,,0.007540208753198385,0.01508041750639677,test,mlp,7,United Kingdom
2022-09-07 21:00:51,8.8s,75d0a428bf854509b4d69dc8a67012bc,United Kingdom.mlp.test,LOCAL,codrift5.py,marabots,FINISHED,tanh,None,32,None,100,0,0.001,10,0,val_loss,False,0.9,0.999,1.0,0.0,1e-07,0.001,Adam,3,True,None,False,None,50,False,None,1,0.0,None,1,0.007047375198453665,18698.947946661472,0.1894580387277438,0.01409475039690733,0.10879148632788516,,36397.55466669952,,0.007557444274425507,0.015114888548851013,test,mlp,7,United Kingdom
2022-09-07 21:00:42,8.8s,2440bd63dbba467cacf4386a409e8d41,United Kingdom.mlp.test,LOCAL,codrift5.py,marabots,FINISHED,tanh,None,32,None,100,0,0.001,10,0,val_loss,False,0.9,0.999,1.0,0.0,1e-07,0.001,Adam,3,True,None,False,None,50,False,None,1,0.0,None,1,0.00699729984626174,18717.095538461945,0.18972655150485623,0.01399459969252348,0.10900488201891056,,36393.196794095056,,0.007291644811630249,0.014583289623260498,test,mlp,7,United Kingdom
2022-09-07 21:00:33,8.9s,3efd8fd91bd846458fa518801bb396dc,United Kingdom.mlp.test,LOCAL,codrift5.py,marabots,FINISHED,tanh,None,32,None,100,0,0.001,10,0,val_loss,False,0.9,0.999,1.0,0.0,1e-07,0.001,Adam,3,True,None,False,None,50,False,None,1,0.0,None,1,0.006974369753152132,18665.390003541455,0.18870674933163778,0.013948739506304264,0.1088832901736444,,36395.67995303905,,0.0075077940709888935,0.015015588141977787,test,mlp,7,United Kingdom
2022-09-07 21:00:24,8.9s,c70556b425a74cbf872d5dd348965b7b,United Kingdom.mlp.test,LOCAL,codrift5.py,marabots,FINISHED,tanh,None,32,None,100,0,0.001,10,0,val_loss,False,0.9,0.999,1.0,0.0,1e-07,0.001,Adam,3,True,None,False,None,50,False,None,1,0.0,None,1,0.006934547796845436,18750.20254710148,0.19059172274662312,0.013869095593690872,0.1085972085955017,,36401.52166709704,,0.007525017950683832,0.015050035901367664,test,mlp,7,United Kingdom
2022-09-07 21:00:15,9.2s,6154657a64cd447792094c25c7154599,United Kingdom.mlp.test,LOCAL,codrift5.py,marabots,FINISHED,tanh,None,32,None,100,0,0.001,10,0,val_loss,False,0.9,0.999,1.0,0.0,1e-07,0.001,Adam,3,True,None,False,None,50,False,None,1,0.0,None,1,0.007000274956226349,18698.31923908328,0.1891433752427052,0.014000549912452698,0.10893353038093101,,36394.6539638177,,0.007244340144097805,0.01448868028819561,test,mlp,7,United Kingdom
2022-09-07 21:00:06,8.8s,47ec6e55a49246aaace618ddd95be103,United Kingdom.mlp.test,LOCAL,codrift5.py,marabots,FINISHED,tanh,None,32,None,100,0,0.001,10,0,val_loss,False,0.9,0.999,1.0,0.0,1e-07,0.001,Adam,3,True,None,False,None,50,False,None,1,0.0,None,1,0.006967257242649794,18732.60425808755,0.1901393333413213,0.013934514485299587,0.10877072158762102,,36397.9786872037,,0.007397475186735392,0.014794950373470783,test,mlp,7,United Kingdom
2022-09-07 20:59:57,9.2s,b057afc3f23e4508ac1be61478c5124c,United Kingdom.mlp.test,LOCAL,codrift5.py,marabots,FINISHED,tanh,None,32,None,100,0,0.001,10,0,val_loss,False,0.9,0.999,1.0,0.0,1e-07,0.001,Adam,3,True,None,False,None,50,False,None,1,0.0,None,1,0.006951767951250076,18669.609123735107,0.18867642221388325,0.013903535902500153,0.10896797507310163,,36393.95052877099,,0.007487272843718529,0.014974545687437057,test,mlp,7,United Kingdom
2022-09-07 20:58:48,1.2min,c2696907ce8a43f5bcd6d76fde403156,United Kingdom.mlp.test,LOCAL,codrift5.py,marabots,FINISHED,tanh,,,,,,0.001,,,,,,,,,,,,,,,,,50,,,,,,,,18674.567597118206,0.1887500159586945,,0.10909803808756535,,36391.29423835131,,,,test,mlp,7,United Kingdom
2022-09-07 20:58:34,9.0s,d6d65eb74e984b08878a771b08f42a85,US.mlp.test,LOCAL,codrift5.py,marabots,FINISHED,tanh,None,32,None,100,0,0.001,10,0,val_loss,False,0.9,0.999,1.0,0.0,1e-07,0.001,Adam,3,True,None,False,None,15,False,None,1,0.0,None,1,0.010092523880302906,41944.71247507697,0.27048662508397886,0.020185047760605812,0.568544476988448,,78528.6701085239,,0.015673886984586716,0.03134777396917343,test,mlp,7,US
2022-09-07 20:58:25,9.5s,7b05969402ac4b3a830a610c97560458,US.mlp.test,LOCAL,codrift5.py,marabots,FINISHED,tanh,None,32,None,100,0,0.001,10,0,val_loss,False,0.9,0.999,1.0,0.0,1e-07,0.001,Adam,3,True,None,False,None,15,False,None,1,0.0,None,1,0.009944692254066467,40922.69903113715,0.26683509576308995,0.019889384508132935,0.5798920901600391,,77489.10692677148,,0.015621020458638668,0.031242040917277336,test,mlp,7,US
2022-09-07 20:58:16,8.9s,16371c7e6c0542989cb3709cc298d5db,US.mlp.test,LOCAL,codrift5.py,marabots,FINISHED,tanh,None,32,None,100,0,0.001,10,0,val_loss,False,0.9,0.999,1.0,0.0,1e-07,0.001,Adam,3,True,None,False,None,15,False,None,1,0.0,None,1,0.009943687357008457,40945.9373173325,0.26493478683651656,0.019887374714016914,0.5773307275142597,,77724.97025207308,,0.015903016552329063,0.03180603310465813,test,mlp,7,US
2022-09-07 20:58:07,8.9s,058966756d1648fea497a912a32a904f,US.mlp.test,LOCAL,codrift5.py,marabots,FINISHED,tanh,None,32,None,100,0,0.001,10,0,val_loss,False,0.9,0.999,1.0,0.0,1e-07,0.001,Adam,3,True,None,False,None,15,False,None,1,0.0,None,1,0.009836647659540176,41002.086787781285,0.2631841197506581,0.019673295319080353,0.5795457683545504,,77521.03995918357,,0.016313539817929268,0.032627079635858536,test,mlp,7,US
2022-09-07 20:57:58,8.9s,1cf733ecc4c54c4b9c55996a73b3dd68,US.mlp.test,LOCAL,codrift5.py,marabots,FINISHED,tanh,None,32,None,100,0,0.001,10,0,val_loss,False,0.9,0.999,1.0,0.0,1e-07,0.001,Adam,3,True,None,False,None,15,False,None,1,0.0,None,1,0.01000958401709795,41352.50913562457,0.2668927939165495,0.0200191680341959,0.5759079984749486,,77855.67371191327,,0.015740400180220604,0.03148080036044121,test,mlp,7,US
2022-09-07 20:57:49,8.9s,186ff0a08764465fb70451bd0aa548e0,US.mlp.test,LOCAL,codrift5.py,marabots,FINISHED,tanh,None,32,None,100,0,0.001,10,0,val_loss,False,0.9,0.999,1.0,0.0,1e-07,0.001,Adam,3,True,None,False,None,15,False,None,1,0.0,None,1,0.01000302191823721,41222.148007246076,0.26557452215804317,0.02000604383647442,0.5752020792107908,,77920.44381836681,,0.015766149386763573,0.031532298773527145,test,mlp,7,US
2022-09-07 20:57:40,9.1s,db29d03c05ea4fa690f538ff3516a41c,US.mlp.test,LOCAL,codrift5.py,marabots,FINISHED,tanh,None,32,None,100,0,0.001,10,0,val_loss,False,0.9,0.999,1.0,0.0,1e-07,0.001,Adam,3,True,None,False,None,15,False,None,1,0.0,None,1,0.009927185252308846,41000.80798878819,0.26488175940036407,0.01985437050461769,0.577074145011961,,77748.55824744211,,0.01565796509385109,0.03131593018770218,test,mlp,7,US
2022-09-07 20:57:31,9.1s,c550624ef63e4c83b270a4725786e626,US.mlp.test,LOCAL,codrift5.py,marabots,FINISHED,tanh,None,32,None,100,0,0.001,10,0,val_loss,False,0.9,0.999,1.0,0.0,1e-07,0.001,Adam,3,True,None,False,None,15,False,None,1,0.0,None,1,0.009930958040058613,41148.04389740496,0.2643462927331852,0.019861916080117226,0.5792554172698299,,77547.80200820407,,0.015732647851109505,0.03146529570221901,test,mlp,7,US
2022-09-07 20:57:22,9.2s,c5676535cf6643afaafc6fea967bdb9b,US.mlp.test,LOCAL,codrift5.py,marabots,FINISHED,tanh,None,32,None,100,0,0.001,10,0,val_loss,False,0.9,0.999,1.0,0.0,1e-07,0.001,Adam,3,True,None,False,None,15,False,None,1,0.0,None,1,0.009904288686811924,41188.06869736701,0.2679473360660599,0.019808577373623848,0.5778664301409148,,77675.6992559097,,0.015613735653460026,0.03122747130692005,test,mlp,7,US
2022-09-07 20:55:10,2.2min,a83c578b0b9b4a37be1519461365706a,US.mlp.test,LOCAL,codrift5.py,marabots,FINISHED,tanh,,,,,,0.001,,,,,,,,,,,,,,,,,15,,,,,,,,41419.51757165005,0.26893234321687287,,0.5754751406253494,,77895.39604163457,,,,test,mlp,7,US
2022-09-07 20:55:01,4.5s,bb4878ca89c248fdac7d6f67094c7e24,Mexico.mlp.test,LOCAL,codrift5.py,marabots,FINISHED,tanh,None,32,None,100,0,0.001,10,0,val_loss,False,0.9,0.999,1.0,0.0,1e-07,0.001,Adam,3,True,None,False,None,50,False,None,1,0.0,None,1,0.031024476513266563,2002.4480539867654,0.5885494945272826,0.06481743603944778,0.042116515336147686,11,2856.2286528791656,14,0.10551173239946365,0.23335842788219452,test,mlp,7,Mexico
2022-09-07 20:54:56,5.3s,ff2237578f4a412399f876a9550e1913,Mexico.mlp.test,LOCAL,codrift5.py,marabots,FINISHED,tanh,None,32,None,100,0,0.001,10,0,val_loss,False,0.9,0.999,1.0,0.0,1e-07,0.001,Adam,3,True,None,False,None,50,False,None,1,0.0,None,1,0.030105916783213615,2014.7338517541066,0.5784280240581077,0.06322003155946732,0.02323977486187534,20,2884.2347961784794,23,0.10930681228637695,0.24368593096733093,test,mlp,7,Mexico
2022-09-07 20:54:51,4.7s,9bba5fc5caa2497e8230f0e9cc9aac95,Mexico.mlp.test,LOCAL,codrift5.py,marabots,FINISHED,tanh,None,32,None,100,0,0.001,10,0,val_loss,False,0.9,0.999,1.0,0.0,1e-07,0.001,Adam,3,True,None,False,None,50,False,None,1,0.0,None,1,0.029956050217151642,2040.7859029360116,0.601833968117669,0.06276705116033554,0.0071792177183395145,15,2907.8503929005597,18,0.11004111915826797,0.24612970650196075,test,mlp,7,Mexico
2022-09-07 20:54:46,4.7s,d26163cfe5ec46e3ab75cf430f369ce8,Mexico.mlp.test,LOCAL,codrift5.py,marabots,FINISHED,tanh,None,32,None,100,0,0.001,10,0,val_loss,False,0.9,0.999,1.0,0.0,1e-07,0.001,Adam,3,True,None,False,None,50,False,None,1,0.0,None,1,0.02989170327782631,2058.6228008596227,0.6156472922025477,0.06274296343326569,0.006255744476012515,16,2909.202448543404,19,0.10960522294044495,0.24466539919376373,test,mlp,7,Mexico
2022-09-07 20:54:42,4.9s,9b0a0d7baec848959d3d9702020a9267,Mexico.mlp.test,LOCAL,codrift5.py,marabots,FINISHED,tanh,None,32,None,100,0,0.001,10,0,val_loss,False,0.9,0.999,1.0,0.0,1e-07,0.001,Adam,3,True,None,False,None,50,False,None,1,0.0,None,1,0.02957035042345524,2049.710405631922,0.6027843150878514,0.0620589442551136,0.011040246164944922,20,2902.190645364686,23,0.10992030054330826,0.24602019786834717,test,mlp,7,Mexico
2022-09-07 20:54:37,4.3s,eabfba0a8c1842189e9653c0929437ce,Mexico.mlp.test,LOCAL,codrift5.py,marabots,FINISHED,tanh,None,32,None,100,0,0.001,10,0,val_loss,False,0.9,0.999,1.0,0.0,1e-07,0.001,Adam,3,True,None,False,None,50,False,None,1,0.0,None,1,0.030852485448122025,2027.306582160294,0.597287798286155,0.06425866484642029,0.048647233287104075,7,2846.4753130104014,10,0.10375451296567917,0.22812987864017487,test,mlp,7,Mexico
2022-09-07 20:54:33,4.7s,33b83b8420f04bb6b7e542754041e071,Mexico.mlp.test,LOCAL,codrift5.py,marabots,FINISHED,tanh,None,32,None,100,0,0.001,10,0,val_loss,False,0.9,0.999,1.0,0.0,1e-07,0.001,Adam,3,True,None,False,None,50,False,None,1,0.0,None,1,0.031186919659376144,2047.4722415516153,0.6109154341442646,0.06504686176776886,0.03445249398836192,10,2867.6322244886687,13,0.10526788234710693,0.23317281901836395,test,mlp,7,Mexico
2022-09-07 20:54:28,4.5s,561d4972ecea41b6b542c2e125501d6a,Mexico.mlp.test,LOCAL,codrift5.py,marabots,FINISHED,tanh,None,32,None,100,0,0.001,10,0,val_loss,False,0.9,0.999,1.0,0.0,1e-07,0.001,Adam,3,True,None,False,None,50,False,None,1,0.0,None,1,0.030895447358489037,2018.0885103652254,0.597765770732089,0.06447149068117142,0.031934936485301324,10,2871.3683064208844,13,0.10651008039712906,0.2361213117837906,test,mlp,7,Mexico
2022-09-07 20:54:23,4.7s,71e4f2a8507a47d2a466f9ccb8f9215e,Mexico.mlp.test,LOCAL,codrift5.py,marabots,FINISHED,tanh,None,32,None,100,0,0.001,10,0,val_loss,False,0.9,0.999,1.0,0.0,1e-07,0.001,Adam,3,True,None,False,None,50,False,None,1,0.0,None,1,0.031055623665452003,2007.4554847320542,0.5945795426613291,0.06476262956857681,0.030836017370389657,10,2872.997590786582,13,0.10470397770404816,0.23189084231853485,test,mlp,7,Mexico
2022-09-07 20:53:18,1.1min,45d7221b1909462e90431e349b6f6a8e,Mexico.mlp.test,LOCAL,codrift5.py,marabots,FINISHED,tanh,,,,,,0.001,,,,,,,,,,,,,,,,,50,,,,,,,,2034.1807352500036,0.5955173315070191,,0.015094860836783464,,2896.235220686378,,,,test,mlp,7,Mexico
2022-09-07 20:53:05,8.1s,49950f35c0f34cd0b2dbfcf4bf368f05,Brazil.mlp.test,LOCAL,codrift5.py,marabots,FINISHED,tanh,None,32,None,100,0,0.001,10,0,val_loss,False,0.9,0.999,1.0,0.0,1e-07,0.001,Adam,3,True,None,False,None,5,False,None,1,0.0,None,1,0.01830625906586647,3504.959964526817,0.8562094991258771,0.03661251813173294,-0.08980618598889967,81,4189.023452162434,84,0.046932026743888855,0.10953012853860855,test,mlp,7,Brazil
2022-09-07 20:52:59,6.1s,fbf9b963c1554fa797a095ae49c01f33,Brazil.mlp.test,LOCAL,codrift5.py,marabots,FINISHED,tanh,None,32,None,100,0,0.001,10,0,val_loss,False,0.9,0.999,1.0,0.0,1e-07,0.001,Adam,3,True,None,False,None,5,False,None,1,0.0,None,1,0.01860829070210457,3793.9890795461833,0.9269524409997659,0.03721658140420914,-0.26293887050656006,36,4509.509668888797,39,0.046617522835731506,0.10871189087629318,test,mlp,7,Brazil
2022-09-07 20:52:50,8.8s,aadd14a334c04f68a9549f0f56b8d9f0,Brazil.mlp.test,LOCAL,codrift5.py,marabots,FINISHED,tanh,None,32,None,100,0,0.001,10,0,val_loss,False,0.9,0.999,1.0,0.0,1e-07,0.001,Adam,3,True,None,False,None,5,False,None,1,0.0,None,1,0.01741194538772106,3486.9491377379745,0.8497598731073198,0.03482389077544212,-0.07181933398115903,,4154.310475980508,,0.05151840299367905,0.11878494918346405,test,mlp,7,Brazil
2022-09-07 20:52:43,7.7s,20e5486e38e9479183352d785a9eb1a3,Brazil.mlp.test,LOCAL,codrift5.py,marabots,FINISHED,tanh,None,32,None,100,0,0.001,10,0,val_loss,False,0.9,0.999,1.0,0.0,1e-07,0.001,Adam,3,True,None,False,None,5,False,None,1,0.0,None,1,0.01775217056274414,3502.015561910346,0.8617895552976295,0.03550434112548828,-0.09989710857261325,74,4208.372631544661,77,0.04822377488017082,0.11165601015090942,test,mlp,7,Brazil
2022-09-07 20:52:37,6.0s,81f0e471f62242e083df48d3346bbc68,Brazil.mlp.test,LOCAL,codrift5.py,marabots,FINISHED,tanh,None,32,None,100,0,0.001,10,0,val_loss,False,0.9,0.999,1.0,0.0,1e-07,0.001,Adam,3,True,None,False,None,5,False,None,1,0.0,None,1,0.01843314804136753,3647.478221744299,0.8935465620129022,0.03686629608273506,-0.17630790457058088,41,4352.097989043762,44,0.04517429322004318,0.1053667888045311,test,mlp,7,Brazil
2022-09-07 20:52:30,6.4s,80b5f877b398453587a7b0204732cd95,Brazil.mlp.test,LOCAL,codrift5.py,marabots,FINISHED,tanh,None,32,None,100,0,0.001,10,0,val_loss,False,0.9,0.999,1.0,0.0,1e-07,0.001,Adam,3,True,None,False,None,5,False,None,1,0.0,None,1,0.01879984512925148,3812.9112964030355,0.9256024430025077,0.03759969025850296,-0.2602564038914721,48,4504.718051688387,51,0.04634739086031914,0.10880932211875916,test,mlp,7,Brazil
2022-09-07 20:52:23,7.5s,b3d60ab571f64d78aaea3d1e550e5077,Brazil.mlp.test,LOCAL,codrift5.py,marabots,FINISHED,tanh,None,32,None,100,0,0.001,10,0,val_loss,False,0.9,0.999,1.0,0.0,1e-07,0.001,Adam,3,True,None,False,None,5,False,None,1,0.0,None,1,0.01798989437520504,3545.661274649203,0.8647383636368067,0.03597978875041008,-0.10841223137580602,68,4224.63129822717,71,0.048705533146858215,0.11367018520832062,test,mlp,7,Brazil
2022-09-07 20:52:16,6.5s,64d4f62679584fee95252fd5ec2a805d,Brazil.mlp.test,LOCAL,codrift5.py,marabots,FINISHED,tanh,None,32,None,100,0,0.001,10,0,val_loss,False,0.9,0.999,1.0,0.0,1e-07,0.001,Adam,3,True,None,False,None,5,False,None,1,0.0,None,1,0.01846347749233246,3630.6356996316463,0.8869141361585802,0.03692695498466492,-0.16119312700978106,46,4324.04679941817,49,0.04673320800065994,0.10840898752212524,test,mlp,7,Brazil
2022-09-07 20:52:06,9.9s,e49ae1f9b0354a52a0864565b005f797,Brazil.mlp.test,LOCAL,codrift5.py,marabots,FINISHED,tanh,None,32,None,100,0,0.001,10,0,val_loss,False,0.9,0.999,1.0,0.0,1e-07,0.001,Adam,3,True,None,False,None,5,False,None,1,0.0,None,1,0.018138283863663673,3505.7091728355736,0.8623996884945839,0.03627656772732735,-0.09945072864673654,,4207.518586342456,,0.04813133925199509,0.11132865399122238,test,mlp,7,Brazil
2022-09-07 20:50:53,1.2min,a9a7257c0cca499b82813386a804e4f8,Brazil.mlp.test,LOCAL,codrift5.py,marabots,FINISHED,tanh,,,,,,0.001,,,,,,,,,,,,,,,,,5,,,,,,,,3432.355143789202,0.8428800513607455,,-0.05319343092467732,,4118.055810942171,,,,test,mlp,7,Brazil
